TILI;TILIN NIMI;TOSITE;PVM;DEBET;KREDIT;ALV;KP;SELITE;ALKUSALDO;KK-MUUTOS;KP-SALDO
3910.0;Muut tuotot;;;;;;;;0.0;;
3910.0;Muut tuotot;13-10-2025;2025-06-01;;-986.94;0.0;20.0;Tariq Omar;;;-986.94
;;;;0.0;-986.94;0.0;;;;-986.94;-986.94
3910.0;Muut tuotot;1-233-2025;2025-07-22;;-8000.0;0.0;99.0;HELSINGIN KAUPUNKI;;;-8986.94
;;;;0.0;-8000.0;0.0;;;;-8000.0;-8986.94
3910.0;Muut tuotot;13-71-2025;2025-10-31;;-1614.99;0.0;70.0;Tuloutetaan palkkatuki (KEHA/74155 + PT272589);;;-10601.93
3910.0;Muut tuotot;13-71-2025;2025-10-31;;-1614.99;0.0;70.0;Tuloutetaan palkkatuki (KEHA/74155 + PT272589);;;-12216.92
3910.0;Muut tuotot;13-71-2025;2025-10-31;;-425.14;0.0;70.0;Tuloutetaan palkkatuki (KEHA/74155 + PT272589);;;-12642.06
3910.0;Muut tuotot;13-71-2025;2025-10-31;;-1614.99;0.0;70.0;Tuloutetaan palkkatuki (KEHA/74155 + PT272589);;;-14257.05
3910.0;Muut tuotot;13-71-2025;2025-10-31;;-1614.99;0.0;70.0;Tuloutetaan palkkatuki (KEHA/74155 + PT272589);;;-15872.04
3910.0;Muut tuotot;13-71-2025;2025-10-31;;-911.0;0.0;70.0;Tuloutetaan palkkatuki (KEHA/74155 + PT272589);;;-16783.04
3910.0;Muut tuotot;13-71-2025;2025-10-31;;-1614.99;0.0;70.0;Tuloutetaan palkkatuki (KEHA/74155 + PT272589);;;-18398.03
3910.0;Muut tuotot;13-71-2025;2025-10-31;;-1614.99;0.0;70.0;Tuloutetaan palkkatuki (KEHA/74155 + PT272589);;;-20013.02
;;;;0.0;-11026.08;0.0;;;;-11026.08;-20013.02
3910.0;Yhteensä;;;0.0;-20013.02;0.0;;;;;
3960.0;Avustukset STM;;;;;;;;0.0;;
3960.0;Avustukset STM;60-1-2025;2025-02-11;;-33750.0;0.0;10.0;STEA 07483578 11..2.2025;;;-33750.0
;;;;0.0;-33750.0;0.0;;;;-33750.0;-33750.0
3960.0;Avustukset STM;1-111-2025;2025-04-01;;-30539.2;0.0;20.0;OPETUSHALLITUS;;;-64289.2
3960.0;Avustukset STM;60-4-2025;2025-04-25;;-33750.0;0.0;10.0;SOSIAALI- JA;;;-98039.2
;;;;0.0;-64289.2;0.0;;;;-64289.2;-98039.2
3960.0;Avustukset STM;13-9-2025;2025-05-01;;-16000.0;0.0;31.0;SOSIAALI- JA TERVEYSMINISTERIÖ 28.2.2025;;;-114039.2
3960.0;Avustukset STM;60-5-2025;2025-05-30;;-16000.0;0.0;31.0;SOSIAALI- JA;;;-130039.2
;;;;0.0;-32000.0;0.0;;;;-32000.0;-130039.2
3960.0;Avustukset STM;1-200-2025;2025-06-24;;-8088.0;0.0;20.0;OPETUSHALLITUS;;;-138127.2
;;;;0.0;-8088.0;0.0;;;;-8088.0;-138127.2
3960.0;Avustukset STM;60-6-2025;2025-08-01;;-33750.0;0.0;10.0;SOSIAALI- JA;;;-171877.2
3960.0;Avustukset STM;60-7-2025;2025-08-29;;-16000.0;0.0;31.0;SOSIAALI- JA;;;-187877.2
;;;;0.0;-49750.0;0.0;;;;-49750.0;-187877.2
3960.0;Avustukset STM;60-8-2025;2025-10-31;;-33750.0;0.0;10.0;SOSIAALI- JA;;;-221627.2
;;;;0.0;-33750.0;0.0;;;;-33750.0;-221627.2
3960.0;Yhteensä;;;0.0;-221627.2;0.0;;;;;
4900.0;Kuukausipalkat;;;;;;;;0.0;;
4900.0;Kuukausipalkat;13-13-2025;2025-06-01;2020.0;;0.0;70.0;Palkkaus.fi;;;2020.0
4900.0;Kuukausipalkat;13-14-2025;2025-06-01;2200.0;;0.0;6.0;Palkkaus.fi;;;4220.0
4900.0;Kuukausipalkat;13-15-2025;2025-06-01;3400.0;;0.0;10.0;Palkkaus.fi;;;7620.0
4900.0;Kuukausipalkat;13-16-2025;2025-06-01;2020.0;;0.0;99.0;Palkkaus.fi;;;9640.0
4900.0;Kuukausipalkat;13-17-2025;2025-06-01;3400.0;;0.0;10.0;Palkkaus.fi;;;13040.0
4900.0;Kuukausipalkat;13-18-2025;2025-06-01;3162.0;;0.0;10.0;Palkkaus.fi;;;16202.0
4900.0;Kuukausipalkat;13-19-2025;2025-06-01;4566.0;;0.0;31.0;Palkkaus.fi;;;20768.0
4900.0;Kuukausipalkat;13-20-2025;2025-06-01;2900.0;;0.0;10.0;Palkkaus.fi;;;23668.0
4900.0;Kuukausipalkat;13-23-2025;2025-06-01;3400.0;;0.0;10.0;Palkkaus.fi;;;27068.0
4900.0;Kuukausipalkat;13-24-2025;2025-06-01;500.0;;0.0;70.0;Palkkaus.fi;;;27568.0
4900.0;Kuukausipalkat;13-27-2025;2025-06-01;3000.0;;0.0;31.0;Palkkaus.fi;;;30568.0
4900.0;Kuukausipalkat;13-29-2025;2025-06-01;3000.0;;0.0;31.0;Palkkaus.fi;;;33568.0
4900.0;Kuukausipalkat;13-30-2025;2025-06-01;2020.0;;0.0;99.0;Palkkaus.fi;;;35588.0
4900.0;Kuukausipalkat;13-31-2025;2025-06-01;320.0;;0.0;10.0;Palkkaus.fi;;;35908.0
4900.0;Kuukausipalkat;13-33-2025;2025-06-01;2020.0;;0.0;99.0;Palkkaus.fi;;;37928.0
4900.0;Kuukausipalkat;13-34-2025;2025-06-01;3000.0;;0.0;31.0;Palkkaus.fi;;;40928.0
4900.0;Kuukausipalkat;13-36-2025;2025-06-01;3293.0;;0.0;10.0;Palkkaus.fi;;;44221.0
4900.0;Kuukausipalkat;13-38-2025;2025-06-01;580.0;;0.0;99.0;Palkkaus.fi;;;44801.0
4900.0;Kuukausipalkat;13-39-2025;2025-06-01;3400.0;;0.0;10.0;Palkkaus.fi;;;48201.0
4900.0;Kuukausipalkat;13-40-2025;2025-06-01;2020.0;;0.0;31.0;Palkkaus.fi;;;50221.0
4900.0;Kuukausipalkat;13-41-2025;2025-06-01;3570.0;;0.0;10.0;Palkkaus.fi;;;53791.0
4900.0;Kuukausipalkat;13-43-2025;2025-06-01;2020.0;;0.0;99.0;Palkkaus.fi;;;55811.0
4900.0;Kuukausipalkat;13-44-2025;2025-06-01;3031.0;;0.0;10.0;Palkkaus.fi;;;58842.0
4900.0;Kuukausipalkat;13-45-2025;2025-06-01;4844.0;;0.0;10.0;Palkkaus.fi;;;63686.0
4900.0;Kuukausipalkat;13-46-2025;2025-06-01;2020.0;;0.0;99.0;Palkkaus.fi;;;65706.0
4900.0;Kuukausipalkat;13-48-2025;2025-06-01;3000.0;;0.0;31.0;Palkkaus.fi;;;68706.0
4900.0;Kuukausipalkat;13-49-2025;2025-06-01;2200.0;;0.0;6.0;Palkkaus.fi;;;70906.0
4900.0;Kuukausipalkat;13-12-2025;2025-06-30;500.0;;0.0;6.0;Palkkaus.fi;;;71406.0
4900.0;Kuukausipalkat;13-21-2025;2025-06-30;3400.0;;0.0;10.0;Palkkaus.fi;;;74806.0
4900.0;Kuukausipalkat;13-21-2025;2025-06-30;170.0;;0.0;10.0;Palkkaus.fi;;;74976.0
4900.0;Kuukausipalkat;13-22-2025;2025-06-30;2020.0;;0.0;70.0;Palkkaus.fi;;;76996.0
4900.0;Kuukausipalkat;13-26-2025;2025-06-30;3000.0;;0.0;31.0;Palkkaus.fi;;;79996.0
4900.0;Kuukausipalkat;13-32-2025;2025-06-30;2900.0;;0.0;10.0;Palkkaus.fi;;;82896.0
4900.0;Kuukausipalkat;13-32-2025;2025-06-30;131.0;;0.0;10.0;Palkkaus.fi;;;83027.0
4900.0;Kuukausipalkat;13-35-2025;2025-06-30;1010.0;;0.0;70.0;Palkkaus.fi;;;84037.0
4900.0;Kuukausipalkat;13-37-2025;2025-06-30;1000.0;;0.0;6.0;Palkkaus.fi;;;85037.0
4900.0;Kuukausipalkat;13-42-2025;2025-06-30;1000.0;;0.0;6.0;Palkkaus.fi;;;86037.0
4900.0;Kuukausipalkat;13-47-2025;2025-06-30;1081.81;;0.0;20.0;Palkkaus.fi;;;87118.81
;;;;87118.81;0.0;0.0;;;;87118.81;87118.81
4900.0;Kuukausipalkat;13-58-2025;2025-07-01;;-1000.0;0.0;6.0;Mitätöinti tos. 13-37-2025, Palkkaus.fi;;;86118.81
4900.0;Kuukausipalkat;13-59-2025;2025-07-01;;-1000.0;0.0;6.0;Mitätöinti tos. 13-42-2025, Palkkaus.fi;;;85118.81
4900.0;Kuukausipalkat;13-60-2025;2025-07-01;;-1081.81;0.0;20.0;Mitätöinti tos. 13-47-2025, Palkkaus.fi;;;84037.0
4900.0;Kuukausipalkat;13-62-2025;2025-07-01;;-1010.0;0.0;70.0;Mitätöinti tos. 13-35-2025, Palkkaus.fi;;;83027.0
4900.0;Kuukausipalkat;51-11-2025;2025-07-01;1000.0;;0.0;6.0;Palkkaus.fi;;;84027.0
4900.0;Kuukausipalkat;51-14-2025;2025-07-01;170.0;;0.0;10.0;Palkkaus.fi;;;84197.0
4900.0;Kuukausipalkat;51-14-2025;2025-07-01;3400.0;;0.0;10.0;Palkkaus.fi;;;87597.0
4900.0;Kuukausipalkat;51-18-2025;2025-07-01;1010.0;;0.0;20.0;Palkkaus.fi;;;88607.0
4900.0;Kuukausipalkat;51-4-2025;2025-07-01;1081.81;;0.0;20.0;Palkkaus.fi;;;89688.81
4900.0;Kuukausipalkat;51-7-2025;2025-07-01;2020.0;;0.0;70.0;Palkkaus.fi;;;91708.81
4900.0;Kuukausipalkat;51-8-2025;2025-07-01;1000.0;;0.0;6.0;Palkkaus.fi;;;92708.81
4900.0;Kuukausipalkat;51-16-2025;2025-07-18;1500.0;;0.0;99.0;Palkkaus.fi;;;94208.81
4900.0;Kuukausipalkat;13-57-2025;2025-07-31;;-170.0;;10.0;Mitätöinti tos. 13-21-2025, Palkkaus.fi;;;94038.81
4900.0;Kuukausipalkat;13-57-2025;2025-07-31;;-3400.0;;10.0;Mitätöinti tos. 13-21-2025, Palkkaus.fi;;;90638.81
4900.0;Kuukausipalkat;51-10-2025;2025-07-31;1000.0;;0.0;6.0;Palkkaus.fi;;;91638.81
4900.0;Kuukausipalkat;51-15-2025;2025-07-31;2020.0;;0.0;20.0;Palkkaus.fi;;;93658.81
4900.0;Kuukausipalkat;51-17-2025;2025-07-31;3400.0;;0.0;10.0;Palkkaus.fi;;;97058.81
4900.0;Kuukausipalkat;51-3-2025;2025-07-31;2900.0;;0.0;10.0;Palkkaus.fi;;;99958.81
4900.0;Kuukausipalkat;51-3-2025;2025-07-31;262.0;;0.0;10.0;Palkkaus.fi;;;100220.81
4900.0;Kuukausipalkat;51-5-2025;2025-07-31;3000.0;;0.0;31.0;Palkkaus.fi;;;103220.81
4900.0;Kuukausipalkat;51-9-2025;2025-07-31;1000.0;;0.0;6.0;Palkkaus.fi;;;104220.81
;;;;24763.81;-7661.81;0.0;;;;17102.0;104220.81
4900.0;Kuukausipalkat;13-65-2025;2025-08-01;;-2020.0;0.0;70.0;Mitätöinti tos. 51-7-2025, Palkkaus.fi;;;102200.81
4900.0;Kuukausipalkat;13-66-2025;2025-08-01;;-3400.0;0.0;10.0;Mitätöinti tos. 51-17-2025, Palkkaus.fi;;;98800.81
4900.0;Kuukausipalkat;51-13-2025;2025-08-01;2020.0;;0.0;70.0;Palkkaus.fi;;;100820.81
4900.0;Kuukausipalkat;51-19-2025;2025-08-01;3400.0;;0.0;10.0;Palkkaus.fi;;;104220.81
4900.0;Kuukausipalkat;51-20-2025;2025-08-29;3400.0;;0.0;10.0;Palkkaus.fi;;;107620.81
4900.0;Kuukausipalkat;51-21-2025;2025-08-29;2020.0;;0.0;70.0;Palkkaus.fi;;;109640.81
4900.0;Kuukausipalkat;51-22-2025;2025-08-29;1000.0;;0.0;6.0;Palkkaus.fi;;;110640.81
4900.0;Kuukausipalkat;51-23-2025;2025-08-29;1443.0;;0.0;70.0;Palkkaus.fi;;;112083.81
4900.0;Kuukausipalkat;51-24-2025;2025-08-29;3000.0;;0.0;31.0;Palkkaus.fi;;;115083.81
4900.0;Kuukausipalkat;51-24-2025;2025-08-29;284.0;;0.0;31.0;Palkkaus.fi;;;115367.81
4900.0;Kuukausipalkat;51-25-2025;2025-08-29;4471.0;;0.0;10.0;Palkkaus.fi;;;119838.81
4900.0;Kuukausipalkat;51-25-2025;2025-08-29;276.0;;0.0;10.0;Palkkaus.fi;;;120114.81
4900.0;Kuukausipalkat;51-26-2025;2025-08-29;1000.0;;0.0;6.0;Palkkaus.fi;;;121114.81
;;;;22314.0;-5420.0;0.0;;;;16894.0;121114.81
4900.0;Kuukausipalkat;51-28-2025;2025-09-30;2000.0;;0.0;10.0;Palkkaus.fi 9/2025;;;123114.81
4900.0;Kuukausipalkat;51-29-2025;2025-09-30;2020.0;;0.0;20.0;Palkkaus.fi 9/2025;;;125134.81
4900.0;Kuukausipalkat;51-30-2025;2025-09-30;3400.0;;0.0;10.0;Palkkaus.fi 9/2025;;;128534.81
4900.0;Kuukausipalkat;51-31-2025;2025-09-30;3031.0;;0.0;10.0;Palkkaus.fi 9/2025;;;131565.81
4900.0;Kuukausipalkat;51-32-2025;2025-09-30;1200.0;;0.0;6.0;Palkkaus.fi 9/2025;;;132765.81
4900.0;Kuukausipalkat;51-33-2025;2025-09-30;3000.0;;0.0;31.0;Palkkaus.fi 9/2025;;;135765.81
4900.0;Kuukausipalkat;51-34-2025;2025-09-30;1000.0;;0.0;6.0;Palkkaus.fi 9/2025;;;136765.81
;;;;15651.0;0.0;0.0;;;;15651.0;136765.81
4900.0;Kuukausipalkat;51-35-2025;2025-10-31;3000.0;;0.0;31.0;Palkkaus.fi;;;139765.81
4900.0;Kuukausipalkat;51-36-2025;2025-10-31;1200.0;;0.0;6.0;Palkkaus.fi;;;140965.81
4900.0;Kuukausipalkat;51-37-2025;2025-10-31;1000.0;;0.0;6.0;Palkkaus.fi;;;141965.81
4900.0;Kuukausipalkat;51-38-2025;2025-10-31;3031.0;;0.0;10.0;Palkkaus.fi;;;144996.81
4900.0;Kuukausipalkat;51-39-2025;2025-10-31;3400.0;;0.0;10.0;Palkkaus.fi;;;148396.81
4900.0;Kuukausipalkat;51-40-2025;2025-10-31;2020.0;;0.0;20.0;Palkkaus.fi;;;150416.81
;;;;13651.0;0.0;0.0;;;;13651.0;150416.81
4900.0;Yhteensä;;;163498.62;-13081.81;0.0;;;;;
4906.0;Palkkiot;;;;;;;;0.0;;
4906.0;Palkkiot;13-25-2025;2025-06-01;1000.0;;0.0;10.0;Palkkaus.fi;;;1000.0
;;;;1000.0;0.0;0.0;;;;1000.0;1000.0
4906.0;Palkkiot;51-27-2025;2025-08-29;1850.0;;0.0;20.0;Palkkaus.fi;;;2850.0
;;;;1850.0;0.0;0.0;;;;1850.0;2850.0
4906.0;Yhteensä;;;2850.0;0.0;0.0;;;;;
4911.0;Lomaltapaluurahat;;;;;;;;0.0;;
4911.0;Lomaltapaluurahat;51-17-2025;2025-07-31;1768.0;;0.0;10.0;Palkkaus.fi;;;1768.0
;;;;1768.0;0.0;0.0;;;;1768.0;1768.0
4911.0;Lomaltapaluurahat;13-66-2025;2025-08-01;;-1768.0;0.0;10.0;Mitätöinti tos. 51-17-2025, Palkkaus.fi;;;0.0
4911.0;Lomaltapaluurahat;51-19-2025;2025-08-01;1768.0;;0.0;10.0;Palkkaus.fi;;;1768.0
;;;;1768.0;-1768.0;0.0;;;;0.0;1768.0
4911.0;Yhteensä;;;3536.0;-1768.0;0.0;;;;;
4920.0;Saadut korvaukset;;;;;;;;0.0;;
4920.0;Saadut korvaukset;13-72-2025;2025-10-31;6926.85;;0.0;70.0;Korjaus palkkatuki (KEHA/63185 + KEHA/74155);;;6926.85
;;;;6926.85;0.0;0.0;;;;6926.85;6926.85
4920.0;Yhteensä;;;6926.85;0.0;0.0;;;;;
4935.0;Tyel-maksut;;;;;;;;0.0;;
4935.0;Tyel-maksut;45-63-2025;2025-03-05;;-42.73;0.0;99.0;Keskinäinen Eläkevakuutusyhtiö Ilmarinen;;;-42.73
4935.0;Tyel-maksut;45-45-2025;2025-03-31;;-450.31;0.0;99.0;Keskinäinen Eläkevakuutusyhtiö Ilmarinen;;;-493.04
;;;;0.0;-493.04;0.0;;;;-493.04;-493.04
4935.0;Tyel-maksut;13-13-2025;2025-06-01;369.86;;0.0;70.0;Palkkaus.fi;;;-123.18
4935.0;Tyel-maksut;13-14-2025;2025-06-01;402.82;;0.0;6.0;Palkkaus.fi;;;279.64
4935.0;Tyel-maksut;13-15-2025;2025-06-01;622.54;;0.0;10.0;Palkkaus.fi;;;902.18
4935.0;Tyel-maksut;13-16-2025;2025-06-01;369.86;;0.0;99.0;Palkkaus.fi;;;1272.04
4935.0;Tyel-maksut;13-17-2025;2025-06-01;622.54;;0.0;10.0;Palkkaus.fi;;;1894.58
4935.0;Tyel-maksut;13-18-2025;2025-06-01;578.97;;0.0;10.0;Palkkaus.fi;;;2473.55
4935.0;Tyel-maksut;13-19-2025;2025-06-01;836.03;;0.0;31.0;Palkkaus.fi;;;3309.58
4935.0;Tyel-maksut;13-20-2025;2025-06-01;530.99;;0.0;10.0;Palkkaus.fi;;;3840.57
4935.0;Tyel-maksut;13-23-2025;2025-06-01;622.54;;0.0;10.0;Palkkaus.fi;;;4463.11
4935.0;Tyel-maksut;13-24-2025;2025-06-01;91.55;;0.0;70.0;Palkkaus.fi;;;4554.66
4935.0;Tyel-maksut;13-27-2025;2025-06-01;549.3;;0.0;31.0;Palkkaus.fi;;;5103.96
4935.0;Tyel-maksut;13-29-2025;2025-06-01;549.3;;0.0;31.0;Palkkaus.fi;;;5653.26
4935.0;Tyel-maksut;13-30-2025;2025-06-01;369.86;;0.0;99.0;Palkkaus.fi;;;6023.12
4935.0;Tyel-maksut;13-31-2025;2025-06-01;58.59;;0.0;10.0;Palkkaus.fi;;;6081.71
4935.0;Tyel-maksut;13-33-2025;2025-06-01;369.86;;0.0;99.0;Palkkaus.fi;;;6451.57
4935.0;Tyel-maksut;13-34-2025;2025-06-01;549.3;;0.0;31.0;Palkkaus.fi;;;7000.87
4935.0;Tyel-maksut;13-36-2025;2025-06-01;602.95;;0.0;10.0;Palkkaus.fi;;;7603.82
4935.0;Tyel-maksut;13-38-2025;2025-06-01;106.2;;0.0;99.0;Palkkaus.fi;;;7710.02
4935.0;Tyel-maksut;13-39-2025;2025-06-01;622.54;;0.0;10.0;Palkkaus.fi;;;8332.56
4935.0;Tyel-maksut;13-40-2025;2025-06-01;369.86;;0.0;31.0;Palkkaus.fi;;;8702.42
4935.0;Tyel-maksut;13-41-2025;2025-06-01;653.66;;0.0;10.0;Palkkaus.fi;;;9356.08
4935.0;Tyel-maksut;13-43-2025;2025-06-01;369.86;;0.0;99.0;Palkkaus.fi;;;9725.94
4935.0;Tyel-maksut;13-44-2025;2025-06-01;554.97;;0.0;10.0;Palkkaus.fi;;;10280.91
4935.0;Tyel-maksut;13-45-2025;2025-06-01;886.93;;0.0;10.0;Palkkaus.fi;;;11167.84
4935.0;Tyel-maksut;13-46-2025;2025-06-01;369.86;;0.0;99.0;Palkkaus.fi;;;11537.7
4935.0;Tyel-maksut;13-48-2025;2025-06-01;549.3;;0.0;31.0;Palkkaus.fi;;;12087.0
4935.0;Tyel-maksut;13-49-2025;2025-06-01;402.82;;0.0;6.0;Palkkaus.fi;;;12489.82
4935.0;Tyel-maksut;13-12-2025;2025-06-30;91.55;;0.0;6.0;Palkkaus.fi;;;12581.37
4935.0;Tyel-maksut;13-21-2025;2025-06-30;;-255.26;0.0;10.0;Palkkaus.fi;;;12326.11
4935.0;Tyel-maksut;13-21-2025;2025-06-30;908.92;;0.0;10.0;Palkkaus.fi;;;13235.03
4935.0;Tyel-maksut;13-22-2025;2025-06-30;;-144.43;0.0;70.0;Palkkaus.fi;;;13090.6
4935.0;Tyel-maksut;13-22-2025;2025-06-30;514.29;;0.0;70.0;Palkkaus.fi;;;13604.89
4935.0;Tyel-maksut;13-26-2025;2025-06-30;763.8;;0.0;31.0;Palkkaus.fi;;;14368.69
4935.0;Tyel-maksut;13-26-2025;2025-06-30;;-214.5;0.0;31.0;Palkkaus.fi;;;14154.19
4935.0;Tyel-maksut;13-32-2025;2025-06-30;;-216.72;0.0;10.0;Palkkaus.fi;;;13937.47
4935.0;Tyel-maksut;13-32-2025;2025-06-30;771.69;;0.0;10.0;Palkkaus.fi;;;14709.16
4935.0;Tyel-maksut;13-35-2025;2025-06-30;257.15;;0.0;70.0;Palkkaus.fi;;;14966.31
4935.0;Tyel-maksut;13-35-2025;2025-06-30;;-72.22;0.0;70.0;Palkkaus.fi;;;14894.09
4935.0;Tyel-maksut;13-37-2025;2025-06-30;;-71.5;0.0;6.0;Palkkaus.fi;;;14822.59
4935.0;Tyel-maksut;13-37-2025;2025-06-30;254.6;;0.0;6.0;Palkkaus.fi;;;15077.19
4935.0;Tyel-maksut;13-42-2025;2025-06-30;254.6;;0.0;6.0;Palkkaus.fi;;;15331.79
4935.0;Tyel-maksut;13-42-2025;2025-06-30;;-71.5;0.0;6.0;Palkkaus.fi;;;15260.29
4935.0;Tyel-maksut;13-47-2025;2025-06-30;;-77.35;0.0;20.0;Palkkaus.fi;;;15182.94
4935.0;Tyel-maksut;13-47-2025;2025-06-30;275.43;;0.0;20.0;Palkkaus.fi;;;15458.37
;;;;17074.89;-1123.48;0.0;;;;15951.41;15458.37
4935.0;Tyel-maksut;13-58-2025;2025-07-01;71.5;;0.0;6.0;Mitätöinti tos. 13-37-2025, Palkkaus.fi;;;15529.87
4935.0;Tyel-maksut;13-58-2025;2025-07-01;;-254.6;0.0;6.0;Mitätöinti tos. 13-37-2025, Palkkaus.fi;;;15275.27
4935.0;Tyel-maksut;13-59-2025;2025-07-01;;-254.6;0.0;6.0;Mitätöinti tos. 13-42-2025, Palkkaus.fi;;;15020.67
4935.0;Tyel-maksut;13-59-2025;2025-07-01;71.5;;0.0;6.0;Mitätöinti tos. 13-42-2025, Palkkaus.fi;;;15092.17
4935.0;Tyel-maksut;13-60-2025;2025-07-01;;-275.43;0.0;20.0;Mitätöinti tos. 13-47-2025, Palkkaus.fi;;;14816.74
4935.0;Tyel-maksut;13-60-2025;2025-07-01;77.35;;0.0;20.0;Mitätöinti tos. 13-47-2025, Palkkaus.fi;;;14894.09
4935.0;Tyel-maksut;13-62-2025;2025-07-01;;-257.15;0.0;70.0;Mitätöinti tos. 13-35-2025, Palkkaus.fi;;;14636.94
4935.0;Tyel-maksut;13-62-2025;2025-07-01;72.22;;0.0;70.0;Mitätöinti tos. 13-35-2025, Palkkaus.fi;;;14709.16
4935.0;Tyel-maksut;51-11-2025;2025-07-01;254.6;;0.0;6.0;Palkkaus.fi;;;14963.76
4935.0;Tyel-maksut;51-11-2025;2025-07-01;;-71.5;0.0;6.0;Palkkaus.fi;;;14892.26
4935.0;Tyel-maksut;51-14-2025;2025-07-01;908.92;;0.0;10.0;Palkkaus.fi;;;15801.18
4935.0;Tyel-maksut;51-14-2025;2025-07-01;;-255.26;0.0;10.0;Palkkaus.fi;;;15545.92
4935.0;Tyel-maksut;51-18-2025;2025-07-01;257.15;;0.0;20.0;Palkkaus.fi;;;15803.07
4935.0;Tyel-maksut;51-18-2025;2025-07-01;;-72.22;0.0;20.0;Palkkaus.fi;;;15730.85
4935.0;Tyel-maksut;51-4-2025;2025-07-01;;-77.35;0.0;20.0;Palkkaus.fi;;;15653.5
4935.0;Tyel-maksut;51-4-2025;2025-07-01;275.43;;0.0;20.0;Palkkaus.fi;;;15928.93
4935.0;Tyel-maksut;51-7-2025;2025-07-01;;-144.43;0.0;70.0;Palkkaus.fi;;;15784.5
4935.0;Tyel-maksut;51-7-2025;2025-07-01;514.29;;0.0;70.0;Palkkaus.fi;;;16298.79
4935.0;Tyel-maksut;51-8-2025;2025-07-01;254.6;;0.0;6.0;Palkkaus.fi;;;16553.39
4935.0;Tyel-maksut;51-8-2025;2025-07-01;;-71.5;0.0;6.0;Palkkaus.fi;;;16481.89
4935.0;Tyel-maksut;51-16-2025;2025-07-18;;-107.25;0.0;99.0;Palkkaus.fi;;;16374.64
4935.0;Tyel-maksut;51-16-2025;2025-07-18;381.9;;0.0;99.0;Palkkaus.fi;;;16756.54
4935.0;Tyel-maksut;13-57-2025;2025-07-31;;-908.92;;10.0;Mitätöinti tos. 13-21-2025, Palkkaus.fi;;;15847.62
4935.0;Tyel-maksut;13-57-2025;2025-07-31;255.26;;;10.0;Mitätöinti tos. 13-21-2025, Palkkaus.fi;;;16102.88
4935.0;Tyel-maksut;51-10-2025;2025-07-31;254.6;;0.0;6.0;Palkkaus.fi;;;16357.48
4935.0;Tyel-maksut;51-10-2025;2025-07-31;;-71.5;0.0;6.0;Palkkaus.fi;;;16285.98
4935.0;Tyel-maksut;51-15-2025;2025-07-31;;-144.43;0.0;20.0;Palkkaus.fi;;;16141.55
4935.0;Tyel-maksut;51-15-2025;2025-07-31;514.29;;0.0;20.0;Palkkaus.fi;;;16655.84
4935.0;Tyel-maksut;51-17-2025;2025-07-31;;-369.51;0.0;10.0;Palkkaus.fi;;;16286.33
4935.0;Tyel-maksut;51-17-2025;2025-07-31;1315.77;;0.0;10.0;Palkkaus.fi;;;17602.1
4935.0;Tyel-maksut;51-3-2025;2025-07-31;;-226.08;0.0;10.0;Palkkaus.fi;;;17376.02
4935.0;Tyel-maksut;51-3-2025;2025-07-31;805.05;;0.0;10.0;Palkkaus.fi;;;18181.07
4935.0;Tyel-maksut;51-5-2025;2025-07-31;;-214.5;0.0;31.0;Palkkaus.fi;;;17966.57
4935.0;Tyel-maksut;51-5-2025;2025-07-31;763.8;;0.0;31.0;Palkkaus.fi;;;18730.37
4935.0;Tyel-maksut;51-9-2025;2025-07-31;254.6;;0.0;6.0;Palkkaus.fi;;;18984.97
4935.0;Tyel-maksut;51-9-2025;2025-07-31;;-71.5;0.0;6.0;Palkkaus.fi;;;18913.47
;;;;7302.83;-3847.73;0.0;;;;3455.1;18913.47
4935.0;Tyel-maksut;13-65-2025;2025-08-01;;-514.29;0.0;70.0;Mitätöinti tos. 51-7-2025, Palkkaus.fi;;;18399.18
4935.0;Tyel-maksut;13-65-2025;2025-08-01;144.43;;0.0;70.0;Mitätöinti tos. 51-7-2025, Palkkaus.fi;;;18543.61
4935.0;Tyel-maksut;13-66-2025;2025-08-01;369.51;;0.0;10.0;Mitätöinti tos. 51-17-2025, Palkkaus.fi;;;18913.12
4935.0;Tyel-maksut;13-66-2025;2025-08-01;;-1315.77;0.0;10.0;Mitätöinti tos. 51-17-2025, Palkkaus.fi;;;17597.35
4935.0;Tyel-maksut;51-13-2025;2025-08-01;514.29;;0.0;70.0;Palkkaus.fi;;;18111.64
4935.0;Tyel-maksut;51-13-2025;2025-08-01;;-144.43;0.0;70.0;Palkkaus.fi;;;17967.21
4935.0;Tyel-maksut;51-19-2025;2025-08-01;;-369.51;0.0;10.0;Palkkaus.fi;;;17597.7
4935.0;Tyel-maksut;51-19-2025;2025-08-01;1315.77;;0.0;10.0;Palkkaus.fi;;;18913.47
4935.0;Tyel-maksut;51-20-2025;2025-08-29;865.64;;0.0;10.0;Palkkaus.fi;;;19779.11
4935.0;Tyel-maksut;51-20-2025;2025-08-29;;-243.1;0.0;10.0;Palkkaus.fi;;;19536.01
4935.0;Tyel-maksut;51-21-2025;2025-08-29;514.29;;0.0;70.0;Palkkaus.fi;;;20050.3
4935.0;Tyel-maksut;51-21-2025;2025-08-29;;-144.43;0.0;70.0;Palkkaus.fi;;;19905.87
4935.0;Tyel-maksut;51-22-2025;2025-08-29;;-71.5;0.0;6.0;Palkkaus.fi;;;19834.37
4935.0;Tyel-maksut;51-22-2025;2025-08-29;254.6;;0.0;6.0;Palkkaus.fi;;;20088.97
4935.0;Tyel-maksut;51-23-2025;2025-08-29;;-103.17;0.0;70.0;Palkkaus.fi;;;19985.8
4935.0;Tyel-maksut;51-23-2025;2025-08-29;367.39;;0.0;70.0;Palkkaus.fi;;;20353.19
4935.0;Tyel-maksut;51-24-2025;2025-08-29;836.11;;0.0;31.0;Palkkaus.fi;;;21189.3
4935.0;Tyel-maksut;51-24-2025;2025-08-29;;-234.81;0.0;31.0;Palkkaus.fi;;;20954.49
4935.0;Tyel-maksut;51-25-2025;2025-08-29;1208.59;;0.0;10.0;Palkkaus.fi;;;22163.08
4935.0;Tyel-maksut;51-25-2025;2025-08-29;;-339.41;0.0;10.0;Palkkaus.fi;;;21823.67
4935.0;Tyel-maksut;51-26-2025;2025-08-29;254.6;;0.0;6.0;Palkkaus.fi;;;22078.27
4935.0;Tyel-maksut;51-26-2025;2025-08-29;;-71.5;0.0;6.0;Palkkaus.fi;;;22006.77
;;;;6645.22;-3551.92;0.0;;;;3093.3;22006.77
4935.0;Tyel-maksut;51-28-2025;2025-09-30;366.2;;0.0;10.0;Palkkaus.fi 9/2025;;;22372.97
4935.0;Tyel-maksut;51-29-2025;2025-09-30;369.86;;0.0;20.0;Palkkaus.fi 9/2025;;;22742.83
4935.0;Tyel-maksut;51-30-2025;2025-09-30;622.54;;0.0;10.0;Palkkaus.fi 9/2025;;;23365.37
4935.0;Tyel-maksut;51-31-2025;2025-09-30;554.97;;0.0;10.0;Palkkaus.fi 9/2025;;;23920.34
4935.0;Tyel-maksut;51-32-2025;2025-09-30;219.72;;0.0;6.0;Palkkaus.fi 9/2025;;;24140.06
4935.0;Tyel-maksut;51-33-2025;2025-09-30;549.3;;0.0;31.0;Palkkaus.fi 9/2025;;;24689.36
4935.0;Tyel-maksut;51-34-2025;2025-09-30;183.1;;0.0;6.0;Palkkaus.fi 9/2025;;;24872.46
;;;;2865.69;0.0;0.0;;;;2865.69;24872.46
4935.0;Tyel-maksut;51-35-2025;2025-10-31;549.3;;0.0;31.0;Palkkaus.fi;;;25421.76
4935.0;Tyel-maksut;51-36-2025;2025-10-31;219.72;;0.0;6.0;Palkkaus.fi;;;25641.48
4935.0;Tyel-maksut;51-37-2025;2025-10-31;183.1;;0.0;6.0;Palkkaus.fi;;;25824.58
4935.0;Tyel-maksut;51-38-2025;2025-10-31;554.97;;0.0;10.0;Palkkaus.fi;;;26379.55
4935.0;Tyel-maksut;51-39-2025;2025-10-31;622.54;;0.0;10.0;Palkkaus.fi;;;27002.09
4935.0;Tyel-maksut;51-40-2025;2025-10-31;369.86;;0.0;20.0;Palkkaus.fi;;;27371.95
;;;;2499.49;0.0;0.0;;;;2499.49;27371.95
4935.0;Yhteensä;;;36388.12;-9016.17;0.0;;;;;
4940.0;Tapaturmavakuutusmaksut;;;;;;;;0.0;;
4940.0;Tapaturmavakuutusmaksut;94-1-2025;2025-07-31;20.93;;0.0;20.0;Palkkojen sivukulujen jaksotus, 0,509% / 4 111,81;;;20.93
4940.0;Tapaturmavakuutusmaksut;94-1-2025;2025-07-31;20.56;;0.0;70.0;Palkkojen sivukulujen jaksotus, 0,509% / 4 040,00;;;41.49
4940.0;Tapaturmavakuutusmaksut;94-1-2025;2025-07-31;30.7;;0.0;31.0;Palkkojen sivukulujen jaksotus, 0,509% / 6 031,00;;;72.19
4940.0;Tapaturmavakuutusmaksut;94-1-2025;2025-07-31;34.26;;0.0;10.0;Palkkojen sivukulujen jaksotus, 0,509% / 6 732,00(tasaus −0,01);;;106.45
4940.0;Tapaturmavakuutusmaksut;94-1-2025;2025-07-31;28.0;;0.0;99.0;Palkkojen sivukulujen jaksotus, 0,509% / 5 500,00;;;134.45
;;;;134.45;0.0;0.0;;;;134.45;134.45
4940.0;Yhteensä;;;134.45;0.0;0.0;;;;;
4941.0;Työttömyysvakuutusmaksut;;;;;;;;0.0;;
4941.0;Työttömyysvakuutusmaksut;13-13-2025;2025-06-01;4.04;;0.0;70.0;Palkkaus.fi;;;4.04
4941.0;Työttömyysvakuutusmaksut;13-14-2025;2025-06-01;4.4;;0.0;6.0;Palkkaus.fi;;;8.44
4941.0;Työttömyysvakuutusmaksut;13-15-2025;2025-06-01;6.8;;0.0;10.0;Palkkaus.fi;;;15.24
4941.0;Työttömyysvakuutusmaksut;13-16-2025;2025-06-01;4.04;;0.0;99.0;Palkkaus.fi;;;19.28
4941.0;Työttömyysvakuutusmaksut;13-17-2025;2025-06-01;6.8;;0.0;10.0;Palkkaus.fi;;;26.08
4941.0;Työttömyysvakuutusmaksut;13-18-2025;2025-06-01;6.32;;0.0;10.0;Palkkaus.fi;;;32.4
4941.0;Työttömyysvakuutusmaksut;13-19-2025;2025-06-01;9.13;;0.0;31.0;Palkkaus.fi;;;41.53
4941.0;Työttömyysvakuutusmaksut;13-20-2025;2025-06-01;5.8;;0.0;10.0;Palkkaus.fi;;;47.33
4941.0;Työttömyysvakuutusmaksut;13-23-2025;2025-06-01;6.8;;0.0;10.0;Palkkaus.fi;;;54.13
4941.0;Työttömyysvakuutusmaksut;13-24-2025;2025-06-01;1.0;;0.0;70.0;Palkkaus.fi;;;55.13
4941.0;Työttömyysvakuutusmaksut;13-27-2025;2025-06-01;6.0;;0.0;31.0;Palkkaus.fi;;;61.13
4941.0;Työttömyysvakuutusmaksut;13-29-2025;2025-06-01;6.0;;0.0;31.0;Palkkaus.fi;;;67.13
4941.0;Työttömyysvakuutusmaksut;13-30-2025;2025-06-01;4.04;;0.0;99.0;Palkkaus.fi;;;71.17
4941.0;Työttömyysvakuutusmaksut;13-31-2025;2025-06-01;0.64;;0.0;10.0;Palkkaus.fi;;;71.81
4941.0;Työttömyysvakuutusmaksut;13-33-2025;2025-06-01;4.04;;0.0;99.0;Palkkaus.fi;;;75.85
4941.0;Työttömyysvakuutusmaksut;13-34-2025;2025-06-01;6.0;;0.0;31.0;Palkkaus.fi;;;81.85
4941.0;Työttömyysvakuutusmaksut;13-36-2025;2025-06-01;6.58;;0.0;10.0;Palkkaus.fi;;;88.43
4941.0;Työttömyysvakuutusmaksut;13-38-2025;2025-06-01;1.16;;0.0;99.0;Palkkaus.fi;;;89.59
4941.0;Työttömyysvakuutusmaksut;13-39-2025;2025-06-01;6.8;;0.0;10.0;Palkkaus.fi;;;96.39
4941.0;Työttömyysvakuutusmaksut;13-40-2025;2025-06-01;4.04;;0.0;31.0;Palkkaus.fi;;;100.43
4941.0;Työttömyysvakuutusmaksut;13-41-2025;2025-06-01;7.14;;0.0;10.0;Palkkaus.fi;;;107.57
4941.0;Työttömyysvakuutusmaksut;13-43-2025;2025-06-01;4.04;;0.0;99.0;Palkkaus.fi;;;111.61
4941.0;Työttömyysvakuutusmaksut;13-44-2025;2025-06-01;6.06;;0.0;10.0;Palkkaus.fi;;;117.67
4941.0;Työttömyysvakuutusmaksut;13-45-2025;2025-06-01;9.69;;0.0;10.0;Palkkaus.fi;;;127.36
4941.0;Työttömyysvakuutusmaksut;13-46-2025;2025-06-01;4.04;;0.0;99.0;Palkkaus.fi;;;131.4
4941.0;Työttömyysvakuutusmaksut;13-48-2025;2025-06-01;6.0;;0.0;31.0;Palkkaus.fi;;;137.4
4941.0;Työttömyysvakuutusmaksut;13-49-2025;2025-06-01;4.4;;0.0;6.0;Palkkaus.fi;;;141.8
4941.0;Työttömyysvakuutusmaksut;13-12-2025;2025-06-30;1.0;;0.0;6.0;Palkkaus.fi;;;142.8
4941.0;Työttömyysvakuutusmaksut;13-21-2025;2025-06-30;28.2;;0.0;10.0;Palkkaus.fi;;;171.0
4941.0;Työttömyysvakuutusmaksut;13-21-2025;2025-06-30;;-21.06;0.0;10.0;Palkkaus.fi;;;149.94
4941.0;Työttömyysvakuutusmaksut;13-22-2025;2025-06-30;;-11.92;0.0;70.0;Palkkaus.fi;;;138.02
4941.0;Työttömyysvakuutusmaksut;13-22-2025;2025-06-30;15.96;;0.0;70.0;Palkkaus.fi;;;153.98
4941.0;Työttömyysvakuutusmaksut;13-26-2025;2025-06-30;;-17.7;0.0;31.0;Palkkaus.fi;;;136.28
4941.0;Työttömyysvakuutusmaksut;13-26-2025;2025-06-30;23.7;;0.0;31.0;Palkkaus.fi;;;159.98
4941.0;Työttömyysvakuutusmaksut;13-32-2025;2025-06-30;;-17.88;0.0;10.0;Palkkaus.fi;;;142.1
4941.0;Työttömyysvakuutusmaksut;13-32-2025;2025-06-30;23.94;;0.0;10.0;Palkkaus.fi;;;166.04
4941.0;Työttömyysvakuutusmaksut;13-35-2025;2025-06-30;7.98;;0.0;70.0;Palkkaus.fi;;;174.02
4941.0;Työttömyysvakuutusmaksut;13-35-2025;2025-06-30;;-5.96;0.0;70.0;Palkkaus.fi;;;168.06
4941.0;Työttömyysvakuutusmaksut;13-37-2025;2025-06-30;7.9;;0.0;6.0;Palkkaus.fi;;;175.96
4941.0;Työttömyysvakuutusmaksut;13-37-2025;2025-06-30;;-5.9;0.0;6.0;Palkkaus.fi;;;170.06
4941.0;Työttömyysvakuutusmaksut;13-42-2025;2025-06-30;7.9;;0.0;6.0;Palkkaus.fi;;;177.96
4941.0;Työttömyysvakuutusmaksut;13-42-2025;2025-06-30;;-5.9;0.0;6.0;Palkkaus.fi;;;172.06
4941.0;Työttömyysvakuutusmaksut;13-47-2025;2025-06-30;;-6.38;0.0;20.0;Palkkaus.fi;;;165.68
4941.0;Työttömyysvakuutusmaksut;13-47-2025;2025-06-30;8.55;;0.0;20.0;Palkkaus.fi;;;174.23
;;;;266.93;-92.7;0.0;;;;174.23;174.23
4941.0;Työttömyysvakuutusmaksut;13-58-2025;2025-07-01;5.9;;0.0;6.0;Mitätöinti tos. 13-37-2025, Palkkaus.fi;;;180.13
4941.0;Työttömyysvakuutusmaksut;13-58-2025;2025-07-01;;-7.9;0.0;6.0;Mitätöinti tos. 13-37-2025, Palkkaus.fi;;;172.23
4941.0;Työttömyysvakuutusmaksut;13-59-2025;2025-07-01;5.9;;0.0;6.0;Mitätöinti tos. 13-42-2025, Palkkaus.fi;;;178.13
4941.0;Työttömyysvakuutusmaksut;13-59-2025;2025-07-01;;-7.9;0.0;6.0;Mitätöinti tos. 13-42-2025, Palkkaus.fi;;;170.23
4941.0;Työttömyysvakuutusmaksut;13-60-2025;2025-07-01;;-8.55;0.0;20.0;Mitätöinti tos. 13-47-2025, Palkkaus.fi;;;161.68
4941.0;Työttömyysvakuutusmaksut;13-60-2025;2025-07-01;6.38;;0.0;20.0;Mitätöinti tos. 13-47-2025, Palkkaus.fi;;;168.06
4941.0;Työttömyysvakuutusmaksut;13-62-2025;2025-07-01;5.96;;0.0;70.0;Mitätöinti tos. 13-35-2025, Palkkaus.fi;;;174.02
4941.0;Työttömyysvakuutusmaksut;13-62-2025;2025-07-01;;-7.98;0.0;70.0;Mitätöinti tos. 13-35-2025, Palkkaus.fi;;;166.04
4941.0;Työttömyysvakuutusmaksut;51-11-2025;2025-07-01;7.9;;0.0;6.0;Palkkaus.fi;;;173.94
4941.0;Työttömyysvakuutusmaksut;51-11-2025;2025-07-01;;-5.9;0.0;6.0;Palkkaus.fi;;;168.04
4941.0;Työttömyysvakuutusmaksut;51-14-2025;2025-07-01;28.2;;0.0;10.0;Palkkaus.fi;;;196.24
4941.0;Työttömyysvakuutusmaksut;51-14-2025;2025-07-01;;-21.06;0.0;10.0;Palkkaus.fi;;;175.18
4941.0;Työttömyysvakuutusmaksut;51-18-2025;2025-07-01;;-5.96;0.0;20.0;Palkkaus.fi;;;169.22
4941.0;Työttömyysvakuutusmaksut;51-18-2025;2025-07-01;7.98;;0.0;20.0;Palkkaus.fi;;;177.2
4941.0;Työttömyysvakuutusmaksut;51-4-2025;2025-07-01;;-6.38;0.0;20.0;Palkkaus.fi;;;170.82
4941.0;Työttömyysvakuutusmaksut;51-4-2025;2025-07-01;8.55;;0.0;20.0;Palkkaus.fi;;;179.37
4941.0;Työttömyysvakuutusmaksut;51-7-2025;2025-07-01;;-11.92;0.0;70.0;Palkkaus.fi;;;167.45
4941.0;Työttömyysvakuutusmaksut;51-7-2025;2025-07-01;15.96;;0.0;70.0;Palkkaus.fi;;;183.41
4941.0;Työttömyysvakuutusmaksut;51-8-2025;2025-07-01;7.9;;0.0;6.0;Palkkaus.fi;;;191.31
4941.0;Työttömyysvakuutusmaksut;51-8-2025;2025-07-01;;-5.9;0.0;6.0;Palkkaus.fi;;;185.41
4941.0;Työttömyysvakuutusmaksut;51-16-2025;2025-07-18;;-8.85;0.0;99.0;Palkkaus.fi;;;176.56
4941.0;Työttömyysvakuutusmaksut;51-16-2025;2025-07-18;11.85;;0.0;99.0;Palkkaus.fi;;;188.41
4941.0;Työttömyysvakuutusmaksut;13-57-2025;2025-07-31;;-28.2;;10.0;Mitätöinti tos. 13-21-2025, Palkkaus.fi;;;160.21
4941.0;Työttömyysvakuutusmaksut;13-57-2025;2025-07-31;21.06;;;10.0;Mitätöinti tos. 13-21-2025, Palkkaus.fi;;;181.27
4941.0;Työttömyysvakuutusmaksut;51-10-2025;2025-07-31;;-5.9;0.0;6.0;Palkkaus.fi;;;175.37
4941.0;Työttömyysvakuutusmaksut;51-10-2025;2025-07-31;7.9;;0.0;6.0;Palkkaus.fi;;;183.27
4941.0;Työttömyysvakuutusmaksut;51-15-2025;2025-07-31;15.96;;0.0;20.0;Palkkaus.fi;;;199.23
4941.0;Työttömyysvakuutusmaksut;51-15-2025;2025-07-31;;-11.92;0.0;20.0;Palkkaus.fi;;;187.31
4941.0;Työttömyysvakuutusmaksut;51-17-2025;2025-07-31;40.83;;0.0;10.0;Palkkaus.fi;;;228.14
4941.0;Työttömyysvakuutusmaksut;51-17-2025;2025-07-31;;-30.49;0.0;10.0;Palkkaus.fi;;;197.65
4941.0;Työttömyysvakuutusmaksut;51-3-2025;2025-07-31;;-18.66;0.0;10.0;Palkkaus.fi;;;178.99
4941.0;Työttömyysvakuutusmaksut;51-3-2025;2025-07-31;24.98;;0.0;10.0;Palkkaus.fi;;;203.97
4941.0;Työttömyysvakuutusmaksut;51-5-2025;2025-07-31;23.7;;0.0;31.0;Palkkaus.fi;;;227.67
4941.0;Työttömyysvakuutusmaksut;51-5-2025;2025-07-31;;-17.7;0.0;31.0;Palkkaus.fi;;;209.97
4941.0;Työttömyysvakuutusmaksut;51-9-2025;2025-07-31;7.9;;0.0;6.0;Palkkaus.fi;;;217.87
4941.0;Työttömyysvakuutusmaksut;51-9-2025;2025-07-31;;-5.9;0.0;6.0;Palkkaus.fi;;;211.97
;;;;254.81;-217.07;0.0;;;;37.74;211.97
4941.0;Työttömyysvakuutusmaksut;13-65-2025;2025-08-01;11.92;;0.0;70.0;Mitätöinti tos. 51-7-2025, Palkkaus.fi;;;223.89
4941.0;Työttömyysvakuutusmaksut;13-65-2025;2025-08-01;;-15.96;0.0;70.0;Mitätöinti tos. 51-7-2025, Palkkaus.fi;;;207.93
4941.0;Työttömyysvakuutusmaksut;13-66-2025;2025-08-01;;-40.83;0.0;10.0;Mitätöinti tos. 51-17-2025, Palkkaus.fi;;;167.1
4941.0;Työttömyysvakuutusmaksut;13-66-2025;2025-08-01;30.49;;0.0;10.0;Mitätöinti tos. 51-17-2025, Palkkaus.fi;;;197.59
4941.0;Työttömyysvakuutusmaksut;51-13-2025;2025-08-01;;-11.92;0.0;70.0;Palkkaus.fi;;;185.67
4941.0;Työttömyysvakuutusmaksut;51-13-2025;2025-08-01;15.96;;0.0;70.0;Palkkaus.fi;;;201.63
4941.0;Työttömyysvakuutusmaksut;51-19-2025;2025-08-01;40.83;;0.0;10.0;Palkkaus.fi;;;242.46
4941.0;Työttömyysvakuutusmaksut;51-19-2025;2025-08-01;;-30.49;0.0;10.0;Palkkaus.fi;;;211.97
4941.0;Työttömyysvakuutusmaksut;51-20-2025;2025-08-29;26.86;;0.0;10.0;Palkkaus.fi;;;238.83
4941.0;Työttömyysvakuutusmaksut;51-20-2025;2025-08-29;;-20.06;0.0;10.0;Palkkaus.fi;;;218.77
4941.0;Työttömyysvakuutusmaksut;51-21-2025;2025-08-29;;-11.92;0.0;70.0;Palkkaus.fi;;;206.85
4941.0;Työttömyysvakuutusmaksut;51-21-2025;2025-08-29;15.96;;0.0;70.0;Palkkaus.fi;;;222.81
4941.0;Työttömyysvakuutusmaksut;51-22-2025;2025-08-29;;-5.9;0.0;6.0;Palkkaus.fi;;;216.91
4941.0;Työttömyysvakuutusmaksut;51-22-2025;2025-08-29;7.9;;0.0;6.0;Palkkaus.fi;;;224.81
4941.0;Työttömyysvakuutusmaksut;51-23-2025;2025-08-29;11.4;;0.0;70.0;Palkkaus.fi;;;236.21
4941.0;Työttömyysvakuutusmaksut;51-23-2025;2025-08-29;;-8.51;0.0;70.0;Palkkaus.fi;;;227.7
4941.0;Työttömyysvakuutusmaksut;51-24-2025;2025-08-29;25.94;;0.0;31.0;Palkkaus.fi;;;253.64
4941.0;Työttömyysvakuutusmaksut;51-24-2025;2025-08-29;;-19.38;0.0;31.0;Palkkaus.fi;;;234.26
4941.0;Työttömyysvakuutusmaksut;51-25-2025;2025-08-29;;-28.01;0.0;10.0;Palkkaus.fi;;;206.25
4941.0;Työttömyysvakuutusmaksut;51-25-2025;2025-08-29;37.5;;0.0;10.0;Palkkaus.fi;;;243.75
4941.0;Työttömyysvakuutusmaksut;51-26-2025;2025-08-29;7.9;;0.0;6.0;Palkkaus.fi;;;251.65
4941.0;Työttömyysvakuutusmaksut;51-26-2025;2025-08-29;;-5.9;0.0;6.0;Palkkaus.fi;;;245.75
;;;;232.66;-198.88;0.0;;;;33.78;245.75
4941.0;Työttömyysvakuutusmaksut;51-28-2025;2025-09-30;4.0;;0.0;10.0;Palkkaus.fi 9/2025;;;249.75
4941.0;Työttömyysvakuutusmaksut;51-29-2025;2025-09-30;4.04;;0.0;20.0;Palkkaus.fi 9/2025;;;253.79
4941.0;Työttömyysvakuutusmaksut;51-30-2025;2025-09-30;6.8;;0.0;10.0;Palkkaus.fi 9/2025;;;260.59
4941.0;Työttömyysvakuutusmaksut;51-31-2025;2025-09-30;6.06;;0.0;10.0;Palkkaus.fi 9/2025;;;266.65
4941.0;Työttömyysvakuutusmaksut;51-32-2025;2025-09-30;2.4;;0.0;6.0;Palkkaus.fi 9/2025;;;269.05
4941.0;Työttömyysvakuutusmaksut;51-33-2025;2025-09-30;6.0;;0.0;31.0;Palkkaus.fi 9/2025;;;275.05
4941.0;Työttömyysvakuutusmaksut;51-34-2025;2025-09-30;2.0;;0.0;6.0;Palkkaus.fi 9/2025;;;277.05
;;;;31.3;0.0;0.0;;;;31.3;277.05
4941.0;Työttömyysvakuutusmaksut;51-35-2025;2025-10-31;6.0;;0.0;31.0;Palkkaus.fi;;;283.05
4941.0;Työttömyysvakuutusmaksut;51-36-2025;2025-10-31;2.4;;0.0;6.0;Palkkaus.fi;;;285.45
4941.0;Työttömyysvakuutusmaksut;51-37-2025;2025-10-31;2.0;;0.0;6.0;Palkkaus.fi;;;287.45
4941.0;Työttömyysvakuutusmaksut;51-38-2025;2025-10-31;6.06;;0.0;10.0;Palkkaus.fi;;;293.51
4941.0;Työttömyysvakuutusmaksut;51-39-2025;2025-10-31;6.8;;0.0;10.0;Palkkaus.fi;;;300.31
4941.0;Työttömyysvakuutusmaksut;51-40-2025;2025-10-31;4.04;;0.0;20.0;Palkkaus.fi;;;304.35
;;;;27.3;0.0;0.0;;;;27.3;304.35
4941.0;Yhteensä;;;813.0;-508.65;0.0;;;;;
4943.0;Ryhmähenkivakuutusmaksut;;;;;;;;0.0;;
4943.0;Ryhmähenkivakuutusmaksut;94-1-2025;2025-07-31;3.44;;0.0;31.0;Palkkojen sivukulujen jaksotus, 0,057% / 6 031,00;;;3.44
4943.0;Ryhmähenkivakuutusmaksut;94-1-2025;2025-07-31;2.3;;0.0;70.0;Palkkojen sivukulujen jaksotus, 0,057% / 4 040,00;;;5.74
4943.0;Ryhmähenkivakuutusmaksut;94-1-2025;2025-07-31;2.34;;0.0;20.0;Palkkojen sivukulujen jaksotus, 0,057% / 4 111,81;;;8.08
4943.0;Ryhmähenkivakuutusmaksut;94-1-2025;2025-07-31;3.14;;0.0;99.0;Palkkojen sivukulujen jaksotus, 0,057% / 5 500,00;;;11.22
4943.0;Ryhmähenkivakuutusmaksut;94-1-2025;2025-07-31;3.84;;0.0;10.0;Palkkojen sivukulujen jaksotus, 0,057% / 6 732,00;;;15.06
;;;;15.06;0.0;0.0;;;;15.06;15.06
4943.0;Yhteensä;;;15.06;0.0;0.0;;;;;
4944.0;Sava-maksut;;;;;;;;0.0;;
4944.0;Sava-maksut;13-13-2025;2025-06-01;37.77;;0.0;70.0;Palkkaus.fi;;;37.77
4944.0;Sava-maksut;13-14-2025;2025-06-01;41.14;;0.0;6.0;Palkkaus.fi;;;78.91
4944.0;Sava-maksut;13-15-2025;2025-06-01;63.58;;0.0;10.0;Palkkaus.fi;;;142.49
4944.0;Sava-maksut;13-16-2025;2025-06-01;37.77;;0.0;99.0;Palkkaus.fi;;;180.26
4944.0;Sava-maksut;13-17-2025;2025-06-01;63.58;;0.0;10.0;Palkkaus.fi;;;243.84
4944.0;Sava-maksut;13-18-2025;2025-06-01;59.13;;0.0;10.0;Palkkaus.fi;;;302.97
4944.0;Sava-maksut;13-19-2025;2025-06-01;85.38;;0.0;31.0;Palkkaus.fi;;;388.35
4944.0;Sava-maksut;13-20-2025;2025-06-01;54.23;;0.0;10.0;Palkkaus.fi;;;442.58
4944.0;Sava-maksut;13-23-2025;2025-06-01;63.58;;0.0;10.0;Palkkaus.fi;;;506.16
4944.0;Sava-maksut;13-24-2025;2025-06-01;9.35;;0.0;70.0;Palkkaus.fi;;;515.51
4944.0;Sava-maksut;13-27-2025;2025-06-01;56.1;;0.0;31.0;Palkkaus.fi;;;571.61
4944.0;Sava-maksut;13-29-2025;2025-06-01;56.1;;0.0;31.0;Palkkaus.fi;;;627.71
4944.0;Sava-maksut;13-30-2025;2025-06-01;37.77;;0.0;99.0;Palkkaus.fi;;;665.48
4944.0;Sava-maksut;13-31-2025;2025-06-01;5.98;;0.0;10.0;Palkkaus.fi;;;671.46
4944.0;Sava-maksut;13-33-2025;2025-06-01;37.77;;0.0;99.0;Palkkaus.fi;;;709.23
4944.0;Sava-maksut;13-34-2025;2025-06-01;56.1;;0.0;31.0;Palkkaus.fi;;;765.33
4944.0;Sava-maksut;13-36-2025;2025-06-01;61.58;;0.0;10.0;Palkkaus.fi;;;826.91
4944.0;Sava-maksut;13-38-2025;2025-06-01;10.85;;0.0;99.0;Palkkaus.fi;;;837.76
4944.0;Sava-maksut;13-39-2025;2025-06-01;63.58;;0.0;10.0;Palkkaus.fi;;;901.34
4944.0;Sava-maksut;13-40-2025;2025-06-01;37.77;;0.0;31.0;Palkkaus.fi;;;939.11
4944.0;Sava-maksut;13-41-2025;2025-06-01;66.76;;0.0;10.0;Palkkaus.fi;;;1005.87
4944.0;Sava-maksut;13-43-2025;2025-06-01;37.77;;0.0;99.0;Palkkaus.fi;;;1043.64
4944.0;Sava-maksut;13-44-2025;2025-06-01;56.68;;0.0;10.0;Palkkaus.fi;;;1100.32
4944.0;Sava-maksut;13-45-2025;2025-06-01;90.58;;0.0;10.0;Palkkaus.fi;;;1190.9
4944.0;Sava-maksut;13-46-2025;2025-06-01;37.77;;0.0;99.0;Palkkaus.fi;;;1228.67
4944.0;Sava-maksut;13-48-2025;2025-06-01;56.1;;0.0;31.0;Palkkaus.fi;;;1284.77
4944.0;Sava-maksut;13-49-2025;2025-06-01;41.14;;0.0;6.0;Palkkaus.fi;;;1325.91
4944.0;Sava-maksut;13-12-2025;2025-06-30;9.35;;0.0;6.0;Palkkaus.fi;;;1335.26
4944.0;Sava-maksut;13-21-2025;2025-06-30;66.76;;0.0;10.0;Palkkaus.fi;;;1402.02
4944.0;Sava-maksut;13-22-2025;2025-06-30;37.77;;0.0;70.0;Palkkaus.fi;;;1439.79
4944.0;Sava-maksut;13-26-2025;2025-06-30;56.1;;0.0;31.0;Palkkaus.fi;;;1495.89
4944.0;Sava-maksut;13-32-2025;2025-06-30;56.68;;0.0;10.0;Palkkaus.fi;;;1552.57
4944.0;Sava-maksut;13-35-2025;2025-06-30;18.89;;0.0;70.0;Palkkaus.fi;;;1571.46
4944.0;Sava-maksut;13-37-2025;2025-06-30;18.7;;0.0;6.0;Palkkaus.fi;;;1590.16
4944.0;Sava-maksut;13-42-2025;2025-06-30;18.7;;0.0;6.0;Palkkaus.fi;;;1608.86
4944.0;Sava-maksut;13-47-2025;2025-06-30;20.23;;0.0;20.0;Palkkaus.fi;;;1629.09
;;;;1629.09;0.0;0.0;;;;1629.09;1629.09
4944.0;Sava-maksut;13-58-2025;2025-07-01;;-18.7;0.0;6.0;Mitätöinti tos. 13-37-2025, Palkkaus.fi;;;1610.39
4944.0;Sava-maksut;13-59-2025;2025-07-01;;-18.7;0.0;6.0;Mitätöinti tos. 13-42-2025, Palkkaus.fi;;;1591.69
4944.0;Sava-maksut;13-60-2025;2025-07-01;;-20.23;0.0;20.0;Mitätöinti tos. 13-47-2025, Palkkaus.fi;;;1571.46
4944.0;Sava-maksut;13-62-2025;2025-07-01;;-18.89;0.0;70.0;Mitätöinti tos. 13-35-2025, Palkkaus.fi;;;1552.57
4944.0;Sava-maksut;51-11-2025;2025-07-01;18.7;;0.0;6.0;Palkkaus.fi;;;1571.27
4944.0;Sava-maksut;51-14-2025;2025-07-01;66.76;;0.0;10.0;Palkkaus.fi;;;1638.03
4944.0;Sava-maksut;51-18-2025;2025-07-01;18.89;;0.0;20.0;Palkkaus.fi;;;1656.92
4944.0;Sava-maksut;51-4-2025;2025-07-01;20.23;;0.0;20.0;Palkkaus.fi;;;1677.15
4944.0;Sava-maksut;51-7-2025;2025-07-01;37.77;;0.0;70.0;Palkkaus.fi;;;1714.92
4944.0;Sava-maksut;51-8-2025;2025-07-01;18.7;;0.0;6.0;Palkkaus.fi;;;1733.62
4944.0;Sava-maksut;51-16-2025;2025-07-18;28.05;;0.0;99.0;Palkkaus.fi;;;1761.67
4944.0;Sava-maksut;13-57-2025;2025-07-31;;-66.76;;10.0;Mitätöinti tos. 13-21-2025, Palkkaus.fi;;;1694.91
4944.0;Sava-maksut;51-10-2025;2025-07-31;18.7;;0.0;6.0;Palkkaus.fi;;;1713.61
4944.0;Sava-maksut;51-15-2025;2025-07-31;37.77;;0.0;20.0;Palkkaus.fi;;;1751.38
4944.0;Sava-maksut;51-17-2025;2025-07-31;96.64;;0.0;10.0;Palkkaus.fi;;;1848.02
4944.0;Sava-maksut;51-3-2025;2025-07-31;59.13;;0.0;10.0;Palkkaus.fi;;;1907.15
4944.0;Sava-maksut;51-5-2025;2025-07-31;56.1;;0.0;31.0;Palkkaus.fi;;;1963.25
4944.0;Sava-maksut;51-9-2025;2025-07-31;18.7;;0.0;6.0;Palkkaus.fi;;;1981.95
;;;;496.14;-143.28;0.0;;;;352.86;1981.95
4944.0;Sava-maksut;13-65-2025;2025-08-01;;-37.77;0.0;70.0;Mitätöinti tos. 51-7-2025, Palkkaus.fi;;;1944.18
4944.0;Sava-maksut;13-66-2025;2025-08-01;;-96.64;0.0;10.0;Mitätöinti tos. 51-17-2025, Palkkaus.fi;;;1847.54
4944.0;Sava-maksut;51-13-2025;2025-08-01;37.77;;0.0;70.0;Palkkaus.fi;;;1885.31
4944.0;Sava-maksut;51-19-2025;2025-08-01;96.64;;0.0;10.0;Palkkaus.fi;;;1981.95
4944.0;Sava-maksut;51-20-2025;2025-08-29;63.58;;0.0;10.0;Palkkaus.fi;;;2045.53
4944.0;Sava-maksut;51-21-2025;2025-08-29;37.77;;0.0;70.0;Palkkaus.fi;;;2083.3
4944.0;Sava-maksut;51-22-2025;2025-08-29;18.7;;0.0;6.0;Palkkaus.fi;;;2102.0
4944.0;Sava-maksut;51-23-2025;2025-08-29;26.98;;0.0;70.0;Palkkaus.fi;;;2128.98
4944.0;Sava-maksut;51-24-2025;2025-08-29;61.41;;0.0;31.0;Palkkaus.fi;;;2190.39
4944.0;Sava-maksut;51-25-2025;2025-08-29;88.77;;0.0;10.0;Palkkaus.fi;;;2279.16
4944.0;Sava-maksut;51-26-2025;2025-08-29;18.7;;0.0;6.0;Palkkaus.fi;;;2297.86
;;;;450.32;-134.41;0.0;;;;315.91;2297.86
4944.0;Sava-maksut;51-28-2025;2025-09-30;37.4;;0.0;10.0;Palkkaus.fi 9/2025;;;2335.26
4944.0;Sava-maksut;51-29-2025;2025-09-30;37.77;;0.0;20.0;Palkkaus.fi 9/2025;;;2373.03
4944.0;Sava-maksut;51-30-2025;2025-09-30;63.58;;0.0;10.0;Palkkaus.fi 9/2025;;;2436.61
4944.0;Sava-maksut;51-31-2025;2025-09-30;56.68;;0.0;10.0;Palkkaus.fi 9/2025;;;2493.29
4944.0;Sava-maksut;51-32-2025;2025-09-30;22.44;;0.0;6.0;Palkkaus.fi 9/2025;;;2515.73
4944.0;Sava-maksut;51-33-2025;2025-09-30;56.1;;0.0;31.0;Palkkaus.fi 9/2025;;;2571.83
4944.0;Sava-maksut;51-34-2025;2025-09-30;18.7;;0.0;6.0;Palkkaus.fi 9/2025;;;2590.53
;;;;292.67;0.0;0.0;;;;292.67;2590.53
4944.0;Sava-maksut;51-35-2025;2025-10-31;56.1;;0.0;31.0;Palkkaus.fi;;;2646.63
4944.0;Sava-maksut;51-36-2025;2025-10-31;22.44;;0.0;6.0;Palkkaus.fi;;;2669.07
4944.0;Sava-maksut;51-37-2025;2025-10-31;18.7;;0.0;6.0;Palkkaus.fi;;;2687.77
4944.0;Sava-maksut;51-38-2025;2025-10-31;56.68;;0.0;10.0;Palkkaus.fi;;;2744.45
4944.0;Sava-maksut;51-39-2025;2025-10-31;63.58;;0.0;10.0;Palkkaus.fi;;;2808.03
4944.0;Sava-maksut;51-40-2025;2025-10-31;37.77;;0.0;20.0;Palkkaus.fi;;;2845.8
;;;;255.27;0.0;0.0;;;;255.27;2845.8
4944.0;Yhteensä;;;3123.49;-277.69;0.0;;;;;
5900.0;Nuorten urheilutoiminnan kulut;;;;;;;;0.0;;
5900.0;Nuorten urheilutoiminnan kulut;45-61-2025;2025-02-23;800.0;;0.0;10.0;Sky nuoret ry;;;800.0
;;;;800.0;0.0;0.0;;;;800.0;800.0
5900.0;Yhteensä;;;800.0;0.0;0.0;;;;;
5904.0;Vertaistukiryhmän kulut;;;;;;;;0.0;;
5904.0;Vertaistukiryhmän kulut;21-16-2025;2025-01-27;8.53;;0.0;10.0;S-MARKET ITAKESKUS 24.1.2025;;;8.53
;;;;8.53;0.0;0.0;;;;8.53;8.53
5904.0;Vertaistukiryhmän kulut;21-19-2025;2025-03-08;;-24.58;0.0;10.0;mansa market;;;-16.05
5904.0;Vertaistukiryhmän kulut;21-20-2025;2025-03-08;11.47;;0.0;10.0;alanya market itis;;;-4.58
5904.0;Vertaistukiryhmän kulut;21-23-2025;2025-03-22;25.53;;0.0;10.0;aleoske;;;20.95
5904.0;Vertaistukiryhmän kulut;21-24-2025;2025-03-29;30.11;;0.0;10.0;alanya;;;51.06
;;;;67.11;-24.58;0.0;;;;42.53;51.06
5904.0;Vertaistukiryhmän kulut;21-25-2025;2025-04-07;38.0;;0.0;10.0;ravintola;;;89.06
5904.0;Vertaistukiryhmän kulut;21-27-2025;2025-04-11;37.0;;0.0;10.0;zahiiba oy;;;126.06
5904.0;Vertaistukiryhmän kulut;21-28-2025;2025-04-15;37.0;;0.0;10.0;zahiiba oy;;;163.06
;;;;112.0;0.0;0.0;;;;112.0;163.06
5904.0;Vertaistukiryhmän kulut;21-30-2025;2025-05-02;85.5;;0.0;10.0;Ravintola;;;248.56
;;;;85.5;0.0;0.0;;;;85.5;248.56
5904.0;Yhteensä;;;273.14;-24.58;0.0;;;;;
5905.0;Matalan kynnyksen palvelut;;;;;;;;0.0;;
5905.0;Matalan kynnyksen palvelut;21-13-2025;2025-01-15;38.88;;0.0;10.0;K-Citymarket;;;38.88
5905.0;Matalan kynnyksen palvelut;21-14-2025;2025-01-21;24.25;;0.0;10.0;K-Citymarket;;;63.13
5905.0;Matalan kynnyksen palvelut;21-3-2025;2025-01-21;;-24.25;0.0;10.0;k-citymarket easton 21.1.2025;;;38.88
5905.0;Matalan kynnyksen palvelut;21-15-2025;2025-01-22;24.25;;0.0;10.0;K-Citymarket;;;63.13
;;;;87.38;-24.25;0.0;;;;63.13;63.13
5905.0;Matalan kynnyksen palvelut;21-40-2025;2025-10-09;30.97;;0.0;10.0;Sinelli Itis;;;94.1
5905.0;Matalan kynnyksen palvelut;21-41-2025;2025-10-09;99.0;;0.0;10.0;Copenhagen Tiger stares 07;;;193.1
5905.0;Matalan kynnyksen palvelut;21-42-2025;2025-10-09;6.64;;0.0;10.0;APTEEKKI MEDENA APOTEKET;;;199.74
;;;;136.61;0.0;0.0;;;;136.61;199.74
5905.0;Yhteensä;;;223.99;-24.25;0.0;;;;;
5923.0;Muut vapaaehtoiset henkilösivukulut;;;;;;;;0.0;;
5923.0;Muut vapaaehtoiset henkilösivukulut;21-34-2025;2025-06-10;129.0;;0.0;31.0;intersport easton;;;129.0
;;;;129.0;0.0;0.0;;;;129.0;129.0
5923.0;Yhteensä;;;129.0;0.0;0.0;;;;;
5928.0;Toimitilavuokrat;;;;;;;;0.0;;
5928.0;Toimitilavuokrat;45-2-2025;2025-01-01;423.39;;0.0;2.0;Julkisten ja hyvinvointialojen liitto JHL ry;;;423.39
5928.0;Toimitilavuokrat;45-2-2025;2025-01-01;477.41;;0.0;5.0;Julkisten ja hyvinvointialojen liitto JHL ry;;;900.8
5928.0;Toimitilavuokrat;45-2-2025;2025-01-01;636.54;;0.0;10.0;Julkisten ja hyvinvointialojen liitto JHL ry;;;1537.34
;;;;1537.34;0.0;0.0;;;;1537.34;1537.34
5928.0;Toimitilavuokrat;45-9-2025;2025-02-01;477.41;;0.0;5.0;Julkisten ja hyvinvointialojen liitto JHL ry;;;2014.75
5928.0;Toimitilavuokrat;45-9-2025;2025-02-01;423.39;;0.0;2.0;Julkisten ja hyvinvointialojen liitto JHL ry;;;2438.14
5928.0;Toimitilavuokrat;45-9-2025;2025-02-01;636.54;;0.0;10.0;Julkisten ja hyvinvointialojen liitto JHL ry;;;3074.68
;;;;1537.34;0.0;0.0;;;;1537.34;3074.68
5928.0;Toimitilavuokrat;45-33-2025;2025-03-01;477.41;;0.0;5.0;Julkisten ja hyvinvointialojen liitto JHL ry;;;3552.09
5928.0;Toimitilavuokrat;45-33-2025;2025-03-01;636.54;;0.0;10.0;Julkisten ja hyvinvointialojen liitto JHL ry;;;4188.63
5928.0;Toimitilavuokrat;45-33-2025;2025-03-01;423.39;;0.0;2.0;Julkisten ja hyvinvointialojen liitto JHL ry;;;4612.02
;;;;1537.34;0.0;0.0;;;;1537.34;4612.02
5928.0;Toimitilavuokrat;45-35-2025;2025-04-01;423.39;;0.0;2.0;Julkisten ja hyvinvointialojen liitto JHL ry;;;5035.41
5928.0;Toimitilavuokrat;45-35-2025;2025-04-01;477.41;;0.0;5.0;Julkisten ja hyvinvointialojen liitto JHL ry;;;5512.82
5928.0;Toimitilavuokrat;45-35-2025;2025-04-01;636.54;;0.0;10.0;Julkisten ja hyvinvointialojen liitto JHL ry;;;6149.36
;;;;1537.34;0.0;0.0;;;;1537.34;6149.36
5928.0;Toimitilavuokrat;45-49-2025;2025-05-01;636.54;;0.0;10.0;Julkisten ja hyvinvointialojen liitto JHL ry;;;6785.9
5928.0;Toimitilavuokrat;45-49-2025;2025-05-01;477.41;;0.0;5.0;Julkisten ja hyvinvointialojen liitto JHL ry;;;7263.31
5928.0;Toimitilavuokrat;45-49-2025;2025-05-01;423.39;;0.0;2.0;Julkisten ja hyvinvointialojen liitto JHL ry;;;7686.7
;;;;1537.34;0.0;0.0;;;;1537.34;7686.7
5928.0;Toimitilavuokrat;45-56-2025;2025-06-01;423.39;;0.0;2.0;Julkisten ja hyvinvointialojen liitto JHL ry;;;8110.09
5928.0;Toimitilavuokrat;45-56-2025;2025-06-01;477.41;;0.0;5.0;Julkisten ja hyvinvointialojen liitto JHL ry;;;8587.5
5928.0;Toimitilavuokrat;45-56-2025;2025-06-01;636.54;;0.0;10.0;Julkisten ja hyvinvointialojen liitto JHL ry;;;9224.04
;;;;1537.34;0.0;0.0;;;;1537.34;9224.04
5928.0;Toimitilavuokrat;45-85-2025;2025-07-01;636.54;;0.0;10.0;Julkisten ja hyvinvointialojen liitto JHL ry;;;9860.58
5928.0;Toimitilavuokrat;45-85-2025;2025-07-01;423.39;;0.0;2.0;Julkisten ja hyvinvointialojen liitto JHL ry;;;10283.97
5928.0;Toimitilavuokrat;45-85-2025;2025-07-01;477.41;;0.0;5.0;Julkisten ja hyvinvointialojen liitto JHL ry;;;10761.38
;;;;1537.34;0.0;0.0;;;;1537.34;10761.38
5928.0;Toimitilavuokrat;45-111-2025;2025-08-01;477.41;;0.0;31.0;Julkisten ja hyvinvointialojen liitto JHL ry;;;11238.79
5928.0;Toimitilavuokrat;45-111-2025;2025-08-01;636.54;;0.0;10.0;Julkisten ja hyvinvointialojen liitto JHL ry;;;11875.33
5928.0;Toimitilavuokrat;45-111-2025;2025-08-01;423.39;;0.0;6.0;Julkisten ja hyvinvointialojen liitto JHL ry;;;12298.72
;;;;1537.34;0.0;0.0;;;;1537.34;12298.72
5928.0;Toimitilavuokrat;45-134-2025;2025-09-01;636.54;;0.0;10.0;Julkisten ja hyvinvointialojen liitto JHL ry;;;12935.26
5928.0;Toimitilavuokrat;45-134-2025;2025-09-01;423.39;;0.0;6.0;Julkisten ja hyvinvointialojen liitto JHL ry;;;13358.65
5928.0;Toimitilavuokrat;45-134-2025;2025-09-01;477.41;;0.0;31.0;Julkisten ja hyvinvointialojen liitto JHL ry;;;13836.06
;;;;1537.34;0.0;0.0;;;;1537.34;13836.06
5928.0;Toimitilavuokrat;45-172-2025;2025-10-01;477.41;;0.0;31.0;Julkisten ja hyvinvointialojen liitto JHL ry;;;14313.47
5928.0;Toimitilavuokrat;45-172-2025;2025-10-01;423.39;;0.0;6.0;Julkisten ja hyvinvointialojen liitto JHL ry;;;14736.86
5928.0;Toimitilavuokrat;45-172-2025;2025-10-01;636.54;;0.0;10.0;Julkisten ja hyvinvointialojen liitto JHL ry;;;15373.4
;;;;1537.34;0.0;0.0;;;;1537.34;15373.4
5928.0;Yhteensä;;;15373.4;0.0;0.0;;;;;
5929.0;Muut toimitilakulut;;;;;;;;0.0;;
5929.0;Muut toimitilakulut;21-1-2025;2025-01-06;65.19;;0.0;99.0;PUUILO ITÄKESKUS, siivoustarvikkeet 6.1.2024;;;65.19
5929.0;Muut toimitilakulut;21-6-2025;2025-01-07;30.0;;0.0;99.0;PAYTRAIL OYJ PAKUKYMPILLA.FI 7.1.2025;;;95.19
5929.0;Muut toimitilakulut;21-10-2025;2025-01-09;12.63;;0.0;99.0;HSY - KIVIKKO S 9.1.2025;;;107.82
5929.0;Muut toimitilakulut;21-7-2025;2025-01-10;20.0;;0.0;99.0;PAYTRAIL OYJ PAKUKYMPILLA.FI 10.1.2025;;;127.82
5929.0;Muut toimitilakulut;21-11-2025;2025-01-13;13.2;;0.0;99.0;HSY - KIVIKKO S 13.1.2025;;;141.02
5929.0;Muut toimitilakulut;45-3-2025;2025-01-13;228.97;;0.0;99.0;Helen Oy;;;369.99
;;;;369.99;0.0;0.0;;;;369.99;369.99
5929.0;Muut toimitilakulut;21-18-2025;2025-02-07;17.85;;0.0;99.0;Puuilo;;;387.84
5929.0;Muut toimitilakulut;21-4-2025;2025-02-07;17.85;;0.0;99.0;Puuilo 7.2.2025;;;405.69
;;;;35.7;0.0;0.0;;;;35.7;405.69
5929.0;Muut toimitilakulut;21-21-2025;2025-03-14;81.73;;0.0;99.0;PUUILO;;;487.42
;;;;81.73;0.0;0.0;;;;81.73;487.42
5929.0;Muut toimitilakulut;45-51-2025;2025-04-28;205.44;;0.0;99.0;Helen Oy;;;692.86
;;;;205.44;0.0;0.0;;;;205.44;692.86
5929.0;Muut toimitilakulut;45-108-2025;2025-07-11;173.42;;0.0;99.0;Helen Oy;;;866.28
;;;;173.42;0.0;0.0;;;;173.42;866.28
5929.0;Muut toimitilakulut;21-36-2025;2025-09-09;8.25;;0.0;99.0;K-Citymarket Easton;;;874.53
5929.0;Muut toimitilakulut;21-38-2025;2025-09-17;9.07;;0.0;99.0;TOKMANNI;;;883.6
;;;;17.32;0.0;0.0;;;;17.32;883.6
5929.0;Muut toimitilakulut;45-171-2025;2025-10-13;152.17;;0.0;99.0;Helen Oy;;;1035.77
;;;;152.17;0.0;0.0;;;;152.17;1035.77
5929.0;Yhteensä;;;1035.77;0.0;0.0;;;;;
5938.0;Ajoneuvokulut;;;;;;;;0.0;;
5938.0;Ajoneuvokulut;21-2-2025;2025-01-07;;-10.0;0.0;99.0;shell itäkeskus helsinki 7.1.2025;;;-10.0
;;;;0.0;-10.0;0.0;;;;-10.0;-10.0
5938.0;Yhteensä;;;0.0;-10.0;0.0;;;;;
5946.0;Matkakulut;;;;;;;;0.0;;
5946.0;Matkakulut;21-9-2025;2025-01-07;20.0;;0.0;10.0;Shell Helsinki Itakeskus 9.1.2025;;;20.0
5946.0;Matkakulut;21-12-2025;2025-01-13;5.0;;0.0;10.0;Shell Helsinki Itakeskus 13.1.2025;;;25.0
;;;;25.0;0.0;0.0;;;;25.0;25.0
5946.0;Matkakulut;45-64-2025;2025-04-28;16499.0;;0.0;20.0;Primehotels Oy Rantapuisto;;;16524.0
;;;;16499.0;0.0;0.0;;;;16499.0;16524.0
5946.0;Matkakulut;13-1-2025;2025-05-31;99.4;;0.0;10.0;05/2024 HSL korjaus;;;16623.4
;;;;99.4;0.0;0.0;;;;99.4;16623.4
5946.0;Matkakulut;13-11-2025;2025-06-01;196.8;;0.0;20.0;HSL;;;16820.2
5946.0;Matkakulut;45-100-2025;2025-06-18;325.0;;0.0;20.0;Silviu Musat;;;17145.2
5946.0;Matkakulut;45-101-2025;2025-06-18;1933.92;;0.0;20.0;FONDATION ORIENT OCCIDENT;;;19079.12
5946.0;Matkakulut;45-102-2025;2025-06-18;272.8;;0.0;20.0;Daria Marandel;;;19351.92
5946.0;Matkakulut;45-103-2025;2025-06-18;397.02;;0.0;20.0;Andrés Bonilla Toribio;;;19748.94
5946.0;Matkakulut;45-104-2025;2025-06-18;333.74;;0.0;20.0;Laura Tarragó;;;20082.68
5946.0;Matkakulut;45-105-2025;2025-06-18;1260.55;;0.0;20.0;EUROSUD;;;21343.23
5946.0;Matkakulut;45-106-2025;2025-06-18;430.0;;0.0;20.0;Papadopoulos Konstantinos;;;21773.23
5946.0;Matkakulut;45-107-2025;2025-06-18;293.92;;0.0;20.0;GEORGIOS TELIOS;;;22067.15
5946.0;Matkakulut;45-96-2025;2025-06-18;384.32;;0.0;20.0;Sachinoglou Achilleas;;;22451.47
5946.0;Matkakulut;45-97-2025;2025-06-18;404.12;;0.0;20.0;Diego Conde Caballero;;;22855.59
5946.0;Matkakulut;45-98-2025;2025-06-18;309.0;;0.0;20.0;Daniel Ilie;;;23164.59
5946.0;Matkakulut;45-99-2025;2025-06-18;272.8;;0.0;20.0;Sebastian Chitul;;;23437.39
5946.0;Matkakulut;45-87-2025;2025-06-20;759.82;;0.0;20.0;Diogo Oliveira;;;24197.21
5946.0;Matkakulut;45-88-2025;2025-06-20;1830.0;;0.0;20.0;Ateshat Ayat Omar Fahmi;;;26027.21
;;;;9403.81;0.0;0.0;;;;9403.81;26027.21
5946.0;Matkakulut;45-114-2025;2025-07-01;180.0;;0.0;20.0;Thamer Hadded;;;26207.21
5946.0;Matkakulut;45-118-2025;2025-07-22;46.63;;0.0;20.0;Thamer Hadded;;;26253.84
;;;;226.63;0.0;0.0;;;;226.63;26253.84
5946.0;Matkakulut;51-25-2025;2025-08-29;107.7;;0.0;10.0;Palkkaus.fi;;;26361.54
;;;;107.7;0.0;0.0;;;;107.7;26361.54
5946.0;Yhteensä;;;26361.54;0.0;0.0;;;;;
5948.0;Päivärahat;;;;;;;;0.0;;
5948.0;Päivärahat;13-47-2025;2025-06-30;553.0;;0.0;20.0;Palkkaus.fi;;;553.0
;;;;553.0;0.0;0.0;;;;553.0;553.0
5948.0;Päivärahat;13-60-2025;2025-07-01;;-553.0;0.0;20.0;Mitätöinti tos. 13-47-2025, Palkkaus.fi;;;0.0
5948.0;Päivärahat;51-4-2025;2025-07-01;553.0;;0.0;20.0;Palkkaus.fi;;;553.0
;;;;553.0;-553.0;0.0;;;;0.0;553.0
5948.0;Yhteensä;;;1106.0;-553.0;0.0;;;;;
5958.0;Taloushallintopalvelut;;;;;;;;0.0;;
5958.0;Taloushallintopalvelut;45-15-2025;2025-01-31;179.47;;0.0;3.0;Talenom Solutions Oy;;;179.47
5958.0;Taloushallintopalvelut;45-15-2025;2025-01-31;400.0;;0.0;10.0;Talenom Solutions Oy;;;579.47
;;;;579.47;0.0;0.0;;;;579.47;579.47
5958.0;Taloushallintopalvelut;45-23-2025;2025-02-14;167.66;;0.0;3.0;Talenom Oyj;;;747.13
5958.0;Taloushallintopalvelut;45-23-2025;2025-02-14;340.26;;0.0;10.0;Talenom Oyj;;;1087.39
5958.0;Taloushallintopalvelut;45-26-2025;2025-02-26;169.78;;0.0;3.0;Talenom Oyj;;;1257.17
5958.0;Taloushallintopalvelut;45-26-2025;2025-02-26;344.58;;0.0;10.0;Talenom Oyj;;;1601.75
5958.0;Taloushallintopalvelut;45-44-2025;2025-02-28;58.2;;0.0;3.0;Talenom Solutions Oy;;;1659.95
5958.0;Taloushallintopalvelut;45-44-2025;2025-02-28;129.72;;0.0;10.0;Talenom Solutions Oy;;;1789.67
;;;;1210.2;0.0;0.0;;;;1210.2;1789.67
5958.0;Taloushallintopalvelut;45-42-2025;2025-03-31;90.8;;0.0;10.0;Talenom Oyj;;;1880.47
5958.0;Taloushallintopalvelut;45-42-2025;2025-03-31;44.74;;0.0;3.0;Talenom Oyj;;;1925.21
5958.0;Taloushallintopalvelut;45-43-2025;2025-03-31;112.19;;0.0;10.0;Talenom Solutions Oy;;;2037.4
5958.0;Taloushallintopalvelut;45-43-2025;2025-03-31;50.33;;0.0;3.0;Talenom Solutions Oy;;;2087.73
;;;;298.06;0.0;0.0;;;;298.06;2087.73
5958.0;Taloushallintopalvelut;45-50-2025;2025-04-30;62.78;;0.0;3.0;Talenom Solutions Oy;;;2150.51
5958.0;Taloushallintopalvelut;45-50-2025;2025-04-30;139.94;;0.0;10.0;Talenom Solutions Oy;;;2290.45
;;;;202.72;0.0;0.0;;;;202.72;2290.45
5958.0;Taloushallintopalvelut;45-55-2025;2025-05-14;174.3;;0.0;10.0;Talenom Oyj;;;2464.75
5958.0;Taloushallintopalvelut;45-55-2025;2025-05-14;85.89;;0.0;3.0;Talenom Oyj;;;2550.64
;;;;260.19;0.0;0.0;;;;260.19;2550.64
5958.0;Taloushallintopalvelut;45-75-2025;2025-06-01;37.84;;0.0;10.0;Talenom Oyj;;;2588.48
5958.0;Taloushallintopalvelut;45-75-2025;2025-06-01;18.64;;0.0;3.0;Talenom Oyj;;;2607.12
5958.0;Taloushallintopalvelut;45-76-2025;2025-06-01;253.93;;0.0;3.0;Talenom Oyj;;;2861.05
5958.0;Taloushallintopalvelut;45-76-2025;2025-06-01;0.0;;0.0;10.0;Talenom Oyj;;;2861.05
5958.0;Taloushallintopalvelut;45-77-2025;2025-06-01;44.74;;0.0;3.0;Talenom Oyj;;;2905.79
5958.0;Taloushallintopalvelut;45-77-2025;2025-06-01;90.8;;0.0;10.0;Talenom Oyj;;;2996.59
5958.0;Taloushallintopalvelut;45-86-2025;2025-06-01;48.75;;0.0;31.0;Easor Oy;;;3045.34
5958.0;Taloushallintopalvelut;45-86-2025;2025-06-01;113.77;;0.0;10.0;Easor Oy;;;3159.11
5958.0;Taloushallintopalvelut;45-84-2025;2025-06-12;507.92;;0.0;3.0;Talenom Oyj;;;3667.03
;;;;1116.39;0.0;0.0;;;;1116.39;3667.03
5958.0;Taloushallintopalvelut;45-115-2025;2025-07-01;115.94;;0.0;10.0;Easor Oy;;;3782.97
5958.0;Taloushallintopalvelut;45-115-2025;2025-07-01;57.9;;0.0;31.0;Easor Oy;;;3840.87
5958.0;Taloushallintopalvelut;45-110-2025;2025-07-10;203.16;;0.0;10.0;Talenom Oyj;;;4044.03
5958.0;Taloushallintopalvelut;45-110-2025;2025-07-10;101.58;;0.0;31.0;Talenom Oyj;;;4145.61
5958.0;Taloushallintopalvelut;45-112-2025;2025-07-23;338.6;;0.0;10.0;Talenom Oyj;;;4484.21
5958.0;Taloushallintopalvelut;45-112-2025;2025-07-23;169.3;;0.0;31.0;Talenom Oyj;;;4653.51
;;;;986.48;0.0;0.0;;;;986.48;4653.51
5958.0;Taloushallintopalvelut;45-132-2025;2025-08-01;56.48;;0.0;31.0;Talenom Oyj;;;4709.99
5958.0;Taloushallintopalvelut;45-132-2025;2025-08-01;112.95;;0.0;10.0;Talenom Oyj;;;4822.94
5958.0;Taloushallintopalvelut;45-140-2025;2025-08-01;118.59;;0.0;10.0;Easor Oy;;;4941.53
5958.0;Taloushallintopalvelut;45-140-2025;2025-08-01;50.81;;0.0;31.0;Easor Oy;;;4992.34
5958.0;Taloushallintopalvelut;45-133-2025;2025-08-08;101.59;;0.0;31.0;Talenom Oyj;;;5093.93
5958.0;Taloushallintopalvelut;45-133-2025;2025-08-08;203.15;;0.0;10.0;Talenom Oyj;;;5297.08
5958.0;Taloushallintopalvelut;45-137-2025;2025-08-31;67.77;;0.0;10.0;Talenom Oyj;;;5364.85
5958.0;Taloushallintopalvelut;45-137-2025;2025-08-31;33.89;;0.0;31.0;Talenom Oyj;;;5398.74
5958.0;Taloushallintopalvelut;45-151-2025;2025-08-31;110.51;;0.0;10.0;Easor Oy;;;5509.25
5958.0;Taloushallintopalvelut;45-151-2025;2025-08-31;55.19;;0.0;31.0;Easor Oy;;;5564.44
;;;;910.93;0.0;0.0;;;;910.93;5564.44
5958.0;Taloushallintopalvelut;45-155-2025;2025-09-16;203.15;;0.0;10.0;Talenom Oyj;;;5767.59
5958.0;Taloushallintopalvelut;45-155-2025;2025-09-16;101.59;;0.0;31.0;Talenom Oyj;;;5869.18
;;;;304.74;0.0;0.0;;;;304.74;5869.18
5958.0;Taloushallintopalvelut;45-173-2025;2025-10-01;55.19;;0.0;31.0;Easor Oy;;;5924.37
5958.0;Taloushallintopalvelut;45-173-2025;2025-10-01;110.51;;0.0;10.0;Easor Oy;;;6034.88
5958.0;Taloushallintopalvelut;45-170-2025;2025-10-16;101.59;;0.0;31.0;Talenom Oyj;;;6136.47
5958.0;Taloushallintopalvelut;45-170-2025;2025-10-16;203.15;;0.0;10.0;Talenom Oyj;;;6339.62
5958.0;Taloushallintopalvelut;45-180-2025;2025-10-23;114.16;;0.0;10.0;Easor Oy;;;6453.78
5958.0;Taloushallintopalvelut;45-180-2025;2025-10-23;57.01;;0.0;31.0;Easor Oy;;;6510.79
5958.0;Taloushallintopalvelut;45-186-2025;2025-10-31;55.36;;0.0;31.0;Easor Oy;;;6566.15
5958.0;Taloushallintopalvelut;45-186-2025;2025-10-31;;-54.84;0.0;10.0;Easor Oy;;;6511.31
5958.0;Taloushallintopalvelut;45-187-2025;2025-10-31;97.89;;0.0;10.0;Talenom Oyj;;;6609.2
5958.0;Taloushallintopalvelut;45-187-2025;2025-10-31;48.95;;0.0;31.0;Talenom Oyj;;;6658.15
;;;;843.81;-54.84;0.0;;;;788.97;6658.15
5958.0;Yhteensä;;;6712.99;-54.84;0.0;;;;;
5960.0;Tilintarkastuspalvelut;;;;;;;;0.0;;
5960.0;Tilintarkastuspalvelut;45-89-2025;2025-06-29;2484.9;;0.0;99.0;BDO OY;;;2484.9
;;;;2484.9;0.0;0.0;;;;2484.9;2484.9
5960.0;Yhteensä;;;2484.9;0.0;0.0;;;;;
5964.0;Puhelin- ja tietoliikennekulut;;;;;;;;0.0;;
5964.0;Puhelin- ja tietoliikennekulut;45-4-2025;2025-01-07;37.48;;0.0;3.0;Elisa Oyj;;;37.48
5964.0;Puhelin- ja tietoliikennekulut;45-4-2025;2025-01-07;86.22;;0.0;10.0;Elisa Oyj;;;123.7
;;;;123.7;0.0;0.0;;;;123.7;123.7
5964.0;Puhelin- ja tietoliikennekulut;45-20-2025;2025-02-07;85.47;;0.0;10.0;Elisa Oyj;;;209.17
5964.0;Puhelin- ja tietoliikennekulut;45-20-2025;2025-02-07;37.16;;0.0;3.0;Elisa Oyj;;;246.33
;;;;122.63;0.0;0.0;;;;122.63;246.33
5964.0;Puhelin- ja tietoliikennekulut;45-22-2025;2025-03-07;15.18;;0.0;99.0;Elisa Oyj;;;261.51
5964.0;Puhelin- ja tietoliikennekulut;45-34-2025;2025-03-07;79.04;;0.0;10.0;Elisa Oyj;;;340.55
5964.0;Puhelin- ja tietoliikennekulut;45-34-2025;2025-03-07;34.36;;0.0;3.0;Elisa Oyj;;;374.91
;;;;128.58;0.0;0.0;;;;128.58;374.91
5964.0;Puhelin- ja tietoliikennekulut;45-46-2025;2025-04-07;147.38;;0.0;10.0;Elisa Oyj;;;522.29
5964.0;Puhelin- ja tietoliikennekulut;45-46-2025;2025-04-07;64.07;;0.0;3.0;Elisa Oyj;;;586.36
;;;;211.45;0.0;0.0;;;;211.45;586.36
5964.0;Puhelin- ja tietoliikennekulut;45-54-2025;2025-05-07;66.56;;0.0;10.0;Elisa Oyj;;;652.92
5964.0;Puhelin- ja tietoliikennekulut;45-54-2025;2025-05-07;28.93;;0.0;3.0;Elisa Oyj;;;681.85
;;;;95.49;0.0;0.0;;;;95.49;681.85
5964.0;Puhelin- ja tietoliikennekulut;45-78-2025;2025-06-07;84.9;;0.0;10.0;Elisa Oyj;;;766.75
5964.0;Puhelin- ja tietoliikennekulut;45-78-2025;2025-06-07;36.9;;0.0;3.0;Elisa Oyj;;;803.65
;;;;121.8;0.0;0.0;;;;121.8;803.65
5964.0;Puhelin- ja tietoliikennekulut;45-109-2025;2025-07-07;73.29;;0.0;10.0;Elisa Oyj;;;876.94
5964.0;Puhelin- ja tietoliikennekulut;45-109-2025;2025-07-07;31.86;;0.0;3.0;Elisa Oyj;;;908.8
;;;;105.15;0.0;0.0;;;;105.15;908.8
5964.0;Puhelin- ja tietoliikennekulut;45-131-2025;2025-08-07;38.97;;0.0;31.0;Elisa Oyj;;;947.77
5964.0;Puhelin- ja tietoliikennekulut;45-131-2025;2025-08-07;89.63;;0.0;10.0;Elisa Oyj;;;1037.4
;;;;128.6;0.0;0.0;;;;128.6;1037.4
5964.0;Puhelin- ja tietoliikennekulut;45-138-2025;2025-09-07;33.73;;0.0;31.0;Elisa Oyj;;;1071.13
5964.0;Puhelin- ja tietoliikennekulut;45-138-2025;2025-09-07;77.59;;0.0;10.0;Elisa Oyj;;;1148.72
;;;;111.32;0.0;0.0;;;;111.32;1148.72
5964.0;Puhelin- ja tietoliikennekulut;45-169-2025;2025-10-07;36.08;;0.0;31.0;Elisa Oyj;;;1184.8
5964.0;Puhelin- ja tietoliikennekulut;45-169-2025;2025-10-07;82.98;;0.0;10.0;Elisa Oyj;;;1267.78
;;;;119.06;0.0;0.0;;;;119.06;1267.78
5964.0;Yhteensä;;;1267.78;0.0;0.0;;;;;
5966.0;Rahaliikenteen kulut;;;;;;;;0.0;;
5966.0;Rahaliikenteen kulut;1-28-2025;2025-01-27;41.4;;0.0;99.0;Palvelumaksut 12/2204;;;41.4
5966.0;Rahaliikenteen kulut;1-30-2025;2025-01-27;12.24;;0.0;99.0;Palvelumaksut 12/2024;;;53.64
;;;;53.64;0.0;0.0;;;;53.64;53.64
5966.0;Rahaliikenteen kulut;1-49-2025;2025-02-26;43.47;;0.0;99.0;Pankin palkkiot 01/2025;;;97.11
5966.0;Rahaliikenteen kulut;1-50-2025;2025-02-26;10.77;;0.0;99.0;Pankin palkkiot 02/2025;;;107.88
;;;;54.24;0.0;0.0;;;;54.24;107.88
5966.0;Rahaliikenteen kulut;1-60-2025;2025-03-26;42.0;;0.0;99.0;PANKIN PERIMÄ PALKKIO;;;149.88
5966.0;Rahaliikenteen kulut;1-61-2025;2025-03-26;10.74;;0.0;99.0;PANKIN PERIMÄ PALKKIO;;;160.62
;;;;52.74;0.0;0.0;;;;52.74;160.62
5966.0;Rahaliikenteen kulut;1-75-2025;2025-04-28;8.88;;0.0;99.0;PANKIN PERIMÄ PALKKIO;;;169.5
5966.0;Rahaliikenteen kulut;1-76-2025;2025-04-28;41.64;;0.0;99.0;PANKIN PERIMÄ PALKKIO;;;211.14
;;;;50.52;0.0;0.0;;;;50.52;211.14
5966.0;Rahaliikenteen kulut;1-86-2025;2025-05-26;44.7;;0.0;99.0;PANKIN PERIMÄ PALKKIO;;;255.84
5966.0;Rahaliikenteen kulut;1-87-2025;2025-05-26;9.57;;0.0;99.0;PANKIN PERIMÄ PALKKIO;;;265.41
;;;;54.27;0.0;0.0;;;;54.27;265.41
5966.0;Rahaliikenteen kulut;1-169-2025;2025-06-26;9.81;;0.0;99.0;PANKIN PERIMÄ PALKKIO;;;275.22
5966.0;Rahaliikenteen kulut;1-170-2025;2025-06-26;42.2;;0.0;99.0;PANKIN PERIMÄ PALKKIO;;;317.42
;;;;52.01;0.0;0.0;;;;52.01;317.42
5966.0;Rahaliikenteen kulut;1-209-2025;2025-07-28;20.92;;0.0;99.0;PANKIN PERIMÄ PALKKIO;;;338.34
5966.0;Rahaliikenteen kulut;1-210-2025;2025-07-28;41.7;;0.0;99.0;PANKIN PERIMÄ PALKKIO;;;380.04
;;;;62.62;0.0;0.0;;;;62.62;380.04
5966.0;Rahaliikenteen kulut;1-249-2025;2025-08-26;42.2;;0.0;99.0;PANKIN PERIMÄ PALKKIO;;;422.24
5966.0;Rahaliikenteen kulut;1-250-2025;2025-08-26;11.28;;0.0;99.0;PANKIN PERIMÄ PALKKIO;;;433.52
;;;;53.48;0.0;0.0;;;;53.48;433.52
5966.0;Rahaliikenteen kulut;1-291-2025;2025-09-26;45.79;;0.0;99.0;PANKIN PERIMÄ PALKKIO;;;479.31
5966.0;Rahaliikenteen kulut;1-293-2025;2025-09-26;11.7;;0.0;99.0;PANKIN PERIMÄ PALKKIO;;;491.01
;;;;57.49;0.0;0.0;;;;57.49;491.01
5966.0;Rahaliikenteen kulut;1-340-2025;2025-10-27;42.19;;0.0;99.0;PANKIN PERIMÄ PALKKIO;;;533.2
5966.0;Rahaliikenteen kulut;1-341-2025;2025-10-27;10.8;;0.0;99.0;PANKIN PERIMÄ PALKKIO;;;544.0
;;;;52.99;0.0;0.0;;;;52.99;544.0
5966.0;Yhteensä;;;544.0;0.0;0.0;;;;;
5968.0;Toimistotarvikkeet;;;;;;;;0.0;;
5968.0;Toimistotarvikkeet;21-26-2025;2025-04-11;52.0;;0.0;99.0;muji;;;52.0
;;;;52.0;0.0;0.0;;;;52.0;52.0
5968.0;Yhteensä;;;52.0;0.0;0.0;;;;;
5969.0;Kokous- ja neuvottelukulut;;;;;;;;0.0;;
5969.0;Kokous- ja neuvottelukulut;21-5-2025;2025-02-22;66.7;;0.0;99.0;Momento Itis 22.2.25;;;66.7
;;;;66.7;0.0;0.0;;;;66.7;66.7
5969.0;Kokous- ja neuvottelukulut;21-39-2025;2025-09-30;4.29;;0.0;10.0;S-MARKET;;;70.99
;;;;4.29;0.0;0.0;;;;4.29;70.99
5969.0;Yhteensä;;;70.99;0.0;0.0;;;;;
5971.0;Jäsenmaksut;;;;;;;;0.0;;
5971.0;Jäsenmaksut;45-10-2025;2025-01-31;50.0;;0.0;99.0;Moniheli ry;;;50.0
;;;;50.0;0.0;0.0;;;;50.0;50.0
5971.0;Jäsenmaksut;45-113-2025;2025-07-01;30.0;;0.0;99.0;ehyt ry;;;80.0
;;;;30.0;0.0;0.0;;;;30.0;80.0
5971.0;Yhteensä;;;80.0;0.0;0.0;;;;;
5973.0;Muut kulut;;;;;;;;0.0;;
5973.0;Muut kulut;21-8-2025;2025-01-20;4.02;;0.0;99.0;PAYTRAIL OYJ PRHN SAHKOISET ASIOINT;;;4.02
;;;;4.02;0.0;0.0;;;;4.02;4.02
5973.0;Muut kulut;45-62-2025;2025-02-15;564.75;;0.0;99.0;Roof Goup Oy;;;568.77
;;;;564.75;0.0;0.0;;;;564.75;568.77
5973.0;Muut kulut;21-22-2025;2025-03-18;12.0;;0.0;10.0;kauppakartanonkatu;;;580.77
;;;;12.0;0.0;0.0;;;;12.0;580.77
5973.0;Muut kulut;21-31-2025;2025-05-14;13.2;;0.0;10.0;Sopu;;;593.97
5973.0;Muut kulut;21-32-2025;2025-05-15;13.2;;0.0;10.0;Sopu;;;607.17
5973.0;Muut kulut;21-33-2025;2025-05-28;43.0;;0.0;20.0;pizza service itakeskus;;;650.17
;;;;69.4;0.0;0.0;;;;69.4;650.17
5973.0;Muut kulut;21-35-2025;2025-06-11;26.76;;0.0;10.0;k-citymarket easton;;;676.93
;;;;26.76;0.0;0.0;;;;26.76;676.93
5973.0;Muut kulut;45-142-2025;2025-08-12;4271.5;;0.0;20.0;ASSOCIACIÓ REINTEGRA;;;4948.43
5973.0;Muut kulut;45-143-2025;2025-08-22;550.0;;0.0;20.0;Diego Conde Caballero;;;5498.43
;;;;4821.5;0.0;0.0;;;;4821.5;5498.43
5973.0;Muut kulut;45-156-2025;2025-09-03;52.1;;0.0;31.0;Louhi Net Oy;;;5550.53
5973.0;Muut kulut;45-156-2025;2025-09-03;104.49;;0.0;10.0;Louhi Net Oy;;;5655.02
5973.0;Muut kulut;21-37-2025;2025-09-13;200.0;;0.0;10.0;HIRSHABEELE RAVINTOLA;;;5855.02
;;;;356.59;0.0;0.0;;;;356.59;5855.02
5973.0;Muut kulut;45-175-2025;2025-10-07;25.75;;0.0;20.0;Louhi Net Oy;;;5880.77
;;;;25.75;0.0;0.0;;;;25.75;5880.77
5973.0;Yhteensä;;;5880.77;0.0;0.0;;;;;
7301.0;Palautettava yhteisö-/palautuskorko;;;;;;;;0.0;;
7301.0;Palautettava yhteisö-/palautuskorko;21-17-2025;2025-02-28;;-0.26;0.0;99.0;Yhteenveto verojen maksutilanteesta 28.02.2025;;;-0.26
;;;;0.0;-0.26;0.0;;;;-0.26;-0.26
7301.0;Palautettava yhteisö-/palautuskorko;13-4-2025;2025-03-31;;-0.11;0.0;90.0;Yhteenveto verojen maksutilanteesta 31.03.2025;;;-0.37
;;;;0.0;-0.11;0.0;;;;-0.11;-0.37
7301.0;Palautettava yhteisö-/palautuskorko;13-3-2025;2025-05-31;;-0.53;0.0;99.0;Yhteenveto verojen maksutilanteesta 31.05.2025;;;-0.9
7301.0;Palautettava yhteisö-/palautuskorko;13-7-2025;2025-05-31;;-3.74;0.0;90.0;Oma veron täsmäytys;;;-4.64
;;;;0.0;-4.27;0.0;;;;-4.27;-4.64
7301.0;Palautettava yhteisö-/palautuskorko;13-51-2025;2025-07-31;;-0.56;0.0;99.0;Yhteenveto verojen maksutilanteesta 31.07.2025;;;-5.2
;;;;0.0;-0.56;0.0;;;;-0.56;-5.2
7301.0;Palautettava yhteisö-/palautuskorko;13-64-2025;2025-08-31;;-1.6;0.0;99.0;Yhteenveto verojen maksutilanteesta 31.08.2025;;;-6.8
;;;;0.0;-1.6;0.0;;;;-1.6;-6.8
7301.0;Palautettava yhteisö-/palautuskorko;13-68-2025;2025-09-30;;-0.49;0.0;99.0;Yhteenveto verojen maksutilanteesta 30.09.2025;;;-7.29
;;;;0.0;-0.49;0.0;;;;-0.49;-7.29
7301.0;Palautettava yhteisö-/palautuskorko;13-69-2025;2025-10-31;;-0.5;0.0;99.0;Yhteenveto verojen maksutilanteesta 31.10.2025;;;-7.79
;;;;0.0;-0.5;0.0;;;;-0.5;-7.79
7301.0;Yhteensä;;;0.0;-7.79;0.0;;;;;
7900.0;Korkokulut;;;;;;;;0.0;;
7900.0;Korkokulut;45-19-2025;2025-02-17;10.84;;0.0;99.0;Työllisyysrahasto;;;10.84
;;;;10.84;0.0;0.0;;;;10.84;10.84
7900.0;Yhteensä;;;10.84;0.0;0.0;;;;;
7901.0;Verojen viivästysseuraamukset;;;;;;;;0.0;;
7901.0;Verojen viivästysseuraamukset;21-17-2025;2025-02-28;7.02;;0.0;99.0;Yhteenveto verojen maksutilanteesta 28.02.2025;;;7.02
7901.0;Verojen viivästysseuraamukset;21-17-2025;2025-02-28;1.49;;0.0;99.0;Yhteenveto verojen maksutilanteesta 28.02.2025;;;8.51
;;;;8.51;0.0;0.0;;;;8.51;8.51
7901.0;Verojen viivästysseuraamukset;13-4-2025;2025-03-31;1.42;;0.0;90.0;Yhteenveto verojen maksutilanteesta 31.03.2025;;;9.93
;;;;1.42;0.0;0.0;;;;1.42;9.93
7901.0;Verojen viivästysseuraamukset;13-51-2025;2025-07-31;3.6;;0.0;99.0;Yhteenveto verojen maksutilanteesta 31.07.2025;;;13.53
;;;;3.6;0.0;0.0;;;;3.6;13.53
7901.0;Verojen viivästysseuraamukset;13-69-2025;2025-10-31;5.79;;0.0;99.0;Yhteenveto verojen maksutilanteesta 31.10.2025;;;19.32
;;;;5.79;0.0;0.0;;;;5.79;19.32
7901.0;Yhteensä;;;19.32;0.0;0.0;;;;;
9950.0;Veronpalautukset/jäännösverot;;;;;;;;0.0;;
9950.0;Veronpalautukset/jäännösverot;13-64-2025;2025-08-31;;-104.0;0.0;99.0;Yhteenveto verojen maksutilanteesta 31.08.2025;;;-104.0
;;;;0.0;-104.0;0.0;;;;-104.0;-104.0
9950.0;Yhteensä;;;0.0;-104.0;0.0;;;;;
;Yhteensä 646 vientiä;;;279712.02;-267071.0;0.0;;;;;0.0
